ARTISTA_CHAVE,n_entradas,artista
drake,44,drake
mariah carey,37,mariah carey
madonna,36,madonna
taylor swift,36,taylor swift
rihanna,34,rihanna
elvis presley,31,elvis presley
elton john,28,elton john
the beatles,27,the beatles
morgan wallen,27,morgan wallen
michael jackson,26,michael jackson
janet jackson,26,janet jackson
maroon 5,25,maroon 5
usher,25,usher
chris brown,25,chris brown
beyonce,23,beyonce
stevie wonder,23,stevie wonder
whitney houston,22,whitney houston
ariana grande,22,ariana grande
pnk,21,pnk
the weeknd,20,the weeknd
post malone,20,post malone
lady gaga,19,lady gaga
eminem,18,eminem
justin bieber,18,justin bieber
katy perry,18,katy perry
r kelly,18,r kelly
daryl hall & john oates,18,daryl hall & john oates
luke combs,17,luke combs
black eyed peas,17,black eyed peas
kelly clarkson,17,kelly clarkson
perry como,16,perry como
justin timberlake,16,justin timberlake
jayz,16,jayz
bad bunny,16,bad bunny
britney spears,16,britney spears
chicago,15,chicago
brenda lee,15,brenda lee
prince,15,prince
doja cat,15,doja cat
aretha franklin,15,aretha franklin
ed sheeran,15,ed sheeran
marvin gaye,15,marvin gaye
ludacris,14,ludacris
rod stewart,14,rod stewart
billie eilish,14,billie eilish
bee gees,14,bee gees
phil collins,14,phil collins
ricky nelson,13,ricky nelson
the rolling stones,13,the rolling stones
eddie fisher,13,eddie fisher
patti page,13,patti page
nicki minaj,13,nicki minaj
olivia newtonjohn,13,olivia newtonjohn
nelly,13,nelly
dionne warwick,13,dionne warwick
bruno mars,13,bruno mars
boyz ii men,13,boyz ii men
the temptations,13,the temptations
george michael,13,george michael
kanye west,13,kanye west
adele,13,adele
kendrick lamar,13,kendrick lamar
paul mccartney,13,paul mccartney
lionel richie,13,lionel richie
imagine dragons,13,imagine dragons
kool & the gang,13,kool & the gang
miley cyrus,12,miley cyrus
diana ross,12,diana ross
kenny rogers,12,kenny rogers
alicia keys,12,alicia keys
jennifer lopez,12,jennifer lopez
neil diamond,12,neil diamond
barbra streisand,12,barbra streisand
paul anka,12,paul anka
cher,12,cher
destinys child,12,destinys child
bryan adams,12,bryan adams
bon jovi,12,bon jovi
aerosmith,12,aerosmith
billy joel,12,billy joel
sza,11,sza
the beach boys,11,the beach boys
aaliyah,11,aaliyah
brandy,11,brandy
the everly brothers,11,the everly brothers
carpenters,11,carpenters
celine dion,11,celine dion
duran duran,11,duran duran
donna summer,11,donna summer
shawn mendes,11,shawn mendes
connie francis,11,connie francis
nickelback,11,nickelback
ti,11,ti
neyo,11,neyo
flo rida,11,flo rida
lil wayne,11,lil wayne
jason derulo,11,jason derulo
jason aldean,11,jason aldean
genesis,10,genesis
kenny chesney,10,kenny chesney
cardi b,10,cardi b
richard marx,10,richard marx
sam smith,10,sam smith
barry manilow,10,barry manilow
earth wind & fire,10,earth wind & fire
dua lipa,10,dua lipa
nat king cole,10,nat king cole
fleetwood mac,10,fleetwood mac
lil baby,10,lil baby
gloria estefan,10,gloria estefan
huey lewis & the news,10,huey lewis & the news
tim mcgraw,10,tim mcgraw
tlc,10,tlc
calvin harris,10,calvin harris
ray charles,10,ray charles
michael bolton,10,michael bolton
guy mitchell,9,guy mitchell
foreigner,9,foreigner
missy elliott,9,missy elliott
kesha,9,kesha
kane brown,9,kane brown
linda ronstadt,9,linda ronstadt
john mellencamp,9,john mellencamp
luke bryan,9,luke bryan
toni braxton,9,toni braxton
mary j blige,9,mary j blige
meghan trainor,9,meghan trainor
christina aguilera,9,christina aguilera
bruce springsteen,9,bruce springsteen
50 cent,9,50 cent
the supremes,9,the supremes
three dog night,9,three dog night
pat boone,9,pat boone
future,9,future
styx,9,styx
bob seger,9,bob seger
sabrina carpenter,9,sabrina carpenter
pitbull,9,pitbull
electric light orchestra,9,electric light orchestra
santana,9,santana
anne murray,8,anne murray
3 doors down,8,3 doors down
keith sweat,8,keith sweat
heart,8,heart
eagles,8,eagles
queen,8,queen
dr hook,8,dr hook
tom jones,8,tom jones
timbaland,8,timbaland
paula abdul,8,paula abdul
frankie valli & the four seasons,8,frankie valli & the four seasons
onerepublic,8,onerepublic
avril lavigne,8,avril lavigne
fall out boy,8,fall out boy
nsync,8,nsync
eric clapton,8,eric clapton
enrique iglesias,8,enrique iglesias
monica,8,monica
diddy,8,diddy
commodores,8,commodores
snoop dogg,8,snoop dogg
coldplay,8,coldplay
sheryl crow,8,sheryl crow
the platters,8,the platters
the pointer sisters,8,the pointer sisters
sean paul,8,sean paul
selena gomez,8,selena gomez
david guetta,8,david guetta
roy orbison,8,roy orbison
dj khaled,8,dj khaled
taylor dayne,8,taylor dayne
bobby brown,8,bobby brown
bobby darin,8,bobby darin
akon,8,akon
air supply,8,air supply
wham,7,wham
andy gibb,7,andy gibb
khalid,7,khalid
ginuwine,7,ginuwine
gladys knight & the pips,7,gladys knight & the pips
creedence clearwater revival,7,creedence clearwater revival
megan thee stallion,7,megan thee stallion
tpain,7,tpain
def leppard,7,def leppard
hermans hermits,7,hermans hermits
sting,7,sting
tony bennett,7,tony bennett
travis scott,7,travis scott
trey songz,7,trey songz
olivia rodrigo,7,olivia rodrigo
tommy james & the shondells,7,tommy james & the shondells
chubby checker,7,chubby checker
ciara,7,ciara
ll cool j,7,ll cool j
little river band,7,little river band
linkin park,7,linkin park
outkast,7,outkast
busta rhymes,7,busta rhymes
four tops,7,four tops
brook benton,7,brook benton
dion,7,dion
lil nas x,7,lil nas x
the ames brothers,7,the ames brothers
florida georgia line,7,florida georgia line
the jackson 5,7,the jackson 5
bobby rydell,7,bobby rydell
backstreet boys,7,backstreet boys
blake shelton,7,blake shelton
toby keith,7,toby keith
kc & the sunshine band,7,kc & the sunshine band
war,7,war
johnny rivers,7,johnny rivers
u2,7,u2
sheena easton,7,sheena easton
helen reddy,7,helen reddy
neil sedaka,7,neil sedaka
the dave clark five,7,the dave clark five
the spinners,7,the spinners
marshmello,6,marshmello
kenny loggins,6,kenny loggins
one direction,6,one direction
dr dre,6,dr dre
jewel,6,jewel
andy williams,6,andy williams
wings,6,wings
ace of base,6,ace of base
alice cooper,6,alice cooper
paul revere & the raiders,6,paul revere & the raiders
112,6,112
2pac,6,2pac
faith hill,6,faith hill
jelly roll,6,jelly roll
lady a,6,lady a
ja rule,6,ja rule
pop smoke,6,pop smoke
migos,6,migos
color me badd,6,color me badd
christopher cross,6,christopher cross
dj snake,6,dj snake
steely dan,6,steely dan
roxette,6,roxette
culture club,6,culture club
sly & the family stone,6,sly & the family stone
simon & garfunkel,6,simon & garfunkel
cyndi lauper,6,cyndi lauper
harry styles,6,harry styles
the kinks,6,the kinks
the goo goo dolls,6,the goo goo dolls
abba,6,abba
hootie & the blowfish,6,hootie & the blowfish
shakira,6,shakira
dan  shay,6,dan  shay
train,6,train
van halen,6,van halen
gary lewis & the playboys,6,gary lewis & the playboys
sam cooke,6,sam cooke
bobby vinton,6,bobby vinton
inxs,6,inxs
doris day,6,doris day
milli vanilli,6,milli vanilli
the shirelles,6,the shirelles
fergie,6,fergie
carly simon,6,carly simon
the 5th dimension,6,the 5th dimension
james brown & the famous flames,6,james brown & the famous flames
les paul & mary ford,6,les paul & mary ford
tate mcrae,6,tate mcrae
steve winwood,6,steve winwood
swv,6,swv
jackie wilson,6,jackie wilson
carrie underwood,6,carrie underwood
the chainsmokers,6,the chainsmokers
thomas rhett,6,thomas rhett
fats domino,6,fats domino
the isley brothers,6,the isley brothers
no doubt,6,no doubt
new kids on the block,6,new kids on the block
the turtles,6,the turtles
john denver,6,john denver
john mayer,6,john mayer
journey,6,journey
juice wrld,6,juice wrld
jo stafford,6,jo stafford
expose,6,expose
billy ocean,6,billy ocean
al green,6,al green
bj thomas,6,bj thomas
the ojays,6,the ojays
98o,6,98o
babyface,6,babyface
the hollies,6,the hollies
en vogue,6,en vogue
tina turner,6,tina turner
bailey zimmerman,6,bailey zimmerman
ellie goulding,5,ellie goulding
pat benatar,5,pat benatar
kay starr,5,kay starr
the jets,5,the jets
the monkees,5,the monkees
the mills brothers,5,the mills brothers
johnnie ray,5,johnnie ray
john lennon,5,john lennon
joni james,5,joni james
zach bryan,5,zach bryan
billy idol,5,billy idol
big sean,5,big sean
lonestar,5,lonestar
frankie laine,5,frankie laine
real mccoy,5,real mccoy
donny osmond,5,donny osmond
frankie avalon,5,frankie avalon
ray stevens,5,ray stevens
the cars,5,the cars
captain & tennille,5,captain & tennille
camila cabello,5,camila cabello
jagged edge,5,jagged edge
tears for fears,5,tears for fears
charlie puth,5,charlie puth
stevie nicks,5,stevie nicks
the four aces,5,the four aces
benson boone,5,benson boone
nelly furtado,5,nelly furtado
frank sinatra,5,frank sinatra
tevin campbell,5,tevin campbell
leo sayer,5,leo sayer
teresa brewer,5,teresa brewer
third eye blind,5,third eye blind
next,5,next
survivor,5,survivor
red hot chili peppers,5,red hot chili peppers
the bangles,5,the bangles
rosemary clooney,5,rosemary clooney
rick springfield,5,rick springfield
ringo starr,5,ringo starr
bone thugsnharmony,5,bone thugsnharmony
the guess who,5,the guess who
petula clark,5,petula clark
baby bash,5,baby bash
glen campbell,5,glen campbell
the fray,5,the fray
boz scaggs,5,boz scaggs
bow wow,5,bow wow
brian mcknight,5,brian mcknight
jerry butler,5,jerry butler
shania twain,5,shania twain
creed,5,creed
bobby vee,5,bobby vee
paul simon,5,paul simon
eddie rabbitt,5,eddie rabbitt
amy grant,5,amy grant
america,5,america
wiz khalifa,5,wiz khalifa
dean martin,5,dean martin
david bowie,5,david bowie
sam hunt,5,sam hunt
seal,5,seal
dru hill,5,dru hill
debbie gibson,5,debbie gibson
gary puckett & the union gap,5,gary puckett & the union gap
martha reeves & the vandellas,5,martha reeves & the vandellas
daughtry,5,daughtry
steve miller band,5,steve miller band
miguel,5,miguel
the police,5,the police
the pussycat dolls,5,the pussycat dolls
the righteous brothers,5,the righteous brothers
roberta flack,5,roberta flack
robert palmer,5,robert palmer
gary us bonds,5,gary us bonds
demi lovato,5,demi lovato
ashanti,5,ashanti
toto,5,toto
total,5,total
gwen stefani,5,gwen stefani
guns n roses,5,guns n roses
melissa etheridge,5,melissa etheridge
chingy,5,chingy
bette midler,5,bette midler
coolio,5,coolio
laura branigan,5,laura branigan
the doors,5,the doors
fat joe,5,fat joe
spice girls,5,spice girls
sonny & cher,5,sonny & cher
the kingston trio,5,the kingston trio
the drifters,5,the drifters
leann rimes,5,leann rimes
faith evans,5,faith evans
burl ives,5,burl ives
vanessa williams,4,vanessa williams
juice newton,4,juice newton
peaches & herb,4,peaches & herb
lloyd price,4,lloyd price
fun,4,fun
chic,4,chic
the stylistics,4,the stylistics
miranda lambert,4,miranda lambert
mya,4,mya
frankie valli,4,frankie valli
montell jordan,4,montell jordan
the association,4,the association
sweet,4,sweet
natalie cole,4,natalie cole
case,4,case
natasha bedingfield,4,natasha bedingfield
rae sremmurd,4,rae sremmurd
reo speedwagon,4,reo speedwagon
ray parker jr,4,ray parker jr
chappell roan,4,chappell roan
the box tops,4,the box tops
bobby helms,4,bobby helms
the jacksons,4,the jacksons
joe,4,joe
huntrx,4,huntrx
lifehouse,4,lifehouse
lil kim,4,lil kim
lesley gore,4,lesley gore
les baxter,4,les baxter
jan & dean,4,jan & dean
james taylor,4,james taylor
jade,4,jade
jackson browne,4,jackson browne
jack scott,4,jack scott
charlie rich,4,charlie rich
pretenders,4,pretenders
jody watley,4,jody watley
new edition,4,new edition
the allamerican rejects,4,the allamerican rejects
naughty by nature,4,naughty by nature
xxxtentacion,4,xxxtentacion
alan jackson,4,alan jackson
zac brown band,4,zac brown band
the mcguire sisters,4,the mcguire sisters
the notorious big,4,the notorious big
the gogos,4,the gogos
bob,4,bob
blondie,4,blondie
tom petty and the heartbreakers,4,tom petty and the heartbreakers
poison,4,poison
karyn white,4,karyn white
xscape,4,xscape
5 seconds of summer,4,5 seconds of summer
blackstreet,4,blackstreet
bing crosby,4,bing crosby
al martino,4,al martino
joe simon,4,joe simon
jordin sparks,4,jordin sparks
bobby goldsboro,4,bobby goldsboro
twenty one pilots,4,twenty one pilots
ub40,4,ub40
soulja boy,4,soulja boy
jay & the americans,4,jay & the americans
lee brice,4,lee brice
luther vandross,4,luther vandross
kris kross,4,kris kross
lmfao,4,lmfao
tommy roe,4,tommy roe
green day,4,green day
herb alpert,4,herb alpert
colbie caillat,4,colbie caillat
sia,4,sia
georgia gibbs,4,georgia gibbs
tony orlando & dawn,4,tony orlando & dawn
gym class heroes,4,gym class heroes
gavin degraw,4,gavin degraw
george benson,4,george benson
smokey robinson & the miracles,4,smokey robinson & the miracles
steve lawrence,4,steve lawrence
del shannon,4,del shannon
ronnie milsap,4,ronnie milsap
george harrison,4,george harrison
rick astley,4,rick astley
jason mraz,4,jason mraz
jeremih,4,jeremih
jeezy,4,jeezy
the coasters,4,the coasters
fetty wap,4,fetty wap
macklemore & ryan lewis,4,macklemore & ryan lewis
lizzo,4,lizzo
fabolous,4,fabolous
the young rascals,4,the young rascals
don henley,4,don henley
donny & marie osmond,4,donny & marie osmond
keyshia cole,4,keyshia cole
jim croce,4,jim croce
the lovin spoonful,4,the lovin spoonful
booker t & the mgs,4,booker t & the mgs
the grass roots,4,the grass roots
gin blossoms,4,gin blossoms
sean kingston,4,sean kingston
grand funk railroad,4,grand funk railroad
glorilla,4,glorilla
matchbox twenty,4,matchbox twenty
peter and gordon,4,peter and gordon
pm dawn,4,pm dawn
ohio players,4,ohio players
jodeci,4,jodeci
peter paul and mary,4,peter paul and mary
billy vaughn,4,billy vaughn
billy preston,4,billy preston
bread,4,bread
jessie j,4,jessie j
gucci mane,4,gucci mane
halsey,4,halsey
sarah mclachlan,4,sarah mclachlan
savage garden,4,savage garden
debarge,4,debarge
sara bareilles,4,sara bareilles
mario lanza,4,mario lanza
mc hammer,4,mc hammer
meat loaf,4,meat loaf
men at work,4,men at work
wilson phillips,4,wilson phillips
johnny mathis,4,johnny mathis
eddie money,4,eddie money
jonas brothers,4,jonas brothers
zedd,4,zedd
wilson pickett,4,wilson pickett
jon secada,4,jon secada
will smith,4,will smith
all4one,3,all4one
warren g,3,warren g
walker hayes,3,walker hayes
jimmy clanton,3,jimmy clanton
joe cocker,3,joe cocker
joan jett & the blackhearts,3,joan jett & the blackhearts
the impressions,3,the impressions
bobby sherman,3,bobby sherman
pebbles,3,pebbles
joe tex,3,joe tex
jordan davis,3,jordan davis
john travolta,3,john travolta
john legend,3,john legend
johnny tillotson,3,johnny tillotson
yusuf  cat stevens,3,yusuf  cat stevens
alanis morissette,3,alanis morissette
alessia cara,3,alessia cara
after 7,3,after 7
1910 fruitgum company,3,1910 fruitgum company
selena gomez & the scene,3,selena gomez & the scene
sergio mendes & brasil 66,3,sergio mendes & brasil 66
shaun cassidy,3,shaun cassidy
saltnpepa,3,saltnpepa
david seville,3,david seville
samantha fox,3,samantha fox
sammy davis jr,3,sammy davis jr
deborah cox,3,deborah cox
dee dee sharp,3,dee dee sharp
sarah vaughan,3,sarah vaughan
sammy kaye,3,sammy kaye
melissa manchester,3,melissa manchester
gene pitney,3,gene pitney
gunna,3,gunna
mario,3,mario
harry nilsson,3,harry nilsson
gilbert osullivan,3,gilbert osullivan
mary wells,3,mary wells
mase,3,mase
marty robbins,3,marty robbins
da brat,3,da brat
dababy,3,dababy
daddy yankee,3,daddy yankee
shaboozey,3,shaboozey
dan fogelberg,3,dan fogelberg
shaggy,3,shaggy
shai,3,shai
shalamar,3,shalamar
marc anthony,3,marc anthony
major lazer,3,major lazer
arrested development,3,arrested development
smokey robinson,3,smokey robinson
cole swindell,3,cole swindell
cliff richard,3,cliff richard
tove lo,3,tove lo
tony martin,3,tony martin
gary wright,3,gary wright
george strait,3,george strait
gerry & the pacemakers,3,gerry & the pacemakers
geazy,3,geazy
ricky martin,3,ricky martin
roddy ricch,3,roddy ricch
roger miller,3,roger miller
robin thicke,3,robin thicke
diana ross & the supremes,3,diana ross & the supremes
rod wave,3,rod wave
mike  the mechanics,3,mike  the mechanics
mike posner,3,mike posner
chris stapleton,3,chris stapleton
starship,3,starship
collective soul,3,collective soul
cody johnson,3,cody johnson
sophie b hawkins,3,sophie b hawkins
snap,3,snap
the osmonds,3,the osmonds
the searchers,3,the searchers
hifive,3,hifive
hinder,3,hinder
heatwave,3,heatwave
henry mancini,3,henry mancini
hozier,3,hozier
cheap trick,3,cheap trick
irene cara,3,irene cara
ice cube,3,ice cube
ike & tina turner,3,ike & tina turner
hunter hayes,3,hunter hayes
lisa lisa & cult jam,3,lisa lisa & cult jam
lloyd,3,lloyd
lou rawls,3,lou rawls
los del rio,3,los del rio
lou christie,3,lou christie
lorde,3,lorde
bill withers,3,bill withers
bill haley & his comets,3,bill haley & his comets
the script,3,the script
the sylvers,3,the sylvers
chuck berry,3,chuck berry
moneybagg yo,3,moneybagg yo
gabby barrett,3,gabby barrett
freddy cannon,3,freddy cannon
frankie j,3,frankie j
donovan,3,donovan
ray j,3,ray j
rare earth,3,rare earth
rem,3,rem
dire straits,3,dire straits
dino,3,dino
dion & the belmonts,3,dion & the belmonts
firehouse,3,firehouse
natalie merchant,3,natalie merchant
c & c music factory,3,c & c music factory
the buckinghams,3,the buckinghams
bruce hornsby and the range,3,bruce hornsby and the range
the brothers johnson,3,the brothers johnson
sugar ray,3,sugar ray
taio cruz,3,taio cruz
supertramp,3,supertramp
charles wright & the watts 103rd street rhythm band,3,charles wright & the watts 103rd street rhythm band
cathy dennis,3,cathy dennis
cece peniston,3,cece peniston
technotronic,3,technotronic
teddy swims,3,teddy swims
the doobie brothers,3,the doobie brothers
james brown,3,james brown
lewis capaldi,3,lewis capaldi
lenny kravitz,3,lenny kravitz
lil jon & the east side boyz,3,lil jon & the east side boyz
lil durk,3,lil durk
the b52s,3,the b52s
the alan parsons project,3,the alan parsons project
neon trees,3,neon trees
night ranger,3,night ranger
nick jonas,3,nick jonas
the ventures,3,the ventures
belinda carlisle,3,belinda carlisle
the who,3,the who
dolly parton,3,dolly parton
pretty ricky,3,pretty ricky
thompson twins,3,thompson twins
the yardbirds,3,the yardbirds
don cornell,3,don cornell
don mclean,3,don mclean
the mamas & the papas,3,the mamas & the papas
kingsmen,3,kingsmen
kiss,3,kiss
kodak black,3,kodak black
kid rock,3,kid rock
lainey wilson,3,lainey wilson
jay sean,3,jay sean
j cole,3,j cole
jack harlow,3,jack harlow
the chicks,3,the chicks
the chiffons,3,the chiffons
the chordettes,3,the chordettes
bryson tiller,3,bryson tiller
bts,3,bts
the cowsills,3,the cowsills
doechii,3,doechii
fifth harmony,3,fifth harmony
finger eleven,3,finger eleven
far east movement,3,far east movement
owl city,3,owl city
omarion,3,omarion
atlantic starr,3,atlantic starr
avicii,3,avicii
peter cetera,3,peter cetera
peter frampton,3,peter frampton
eddie kendricks,3,eddie kendricks
duane eddy,3,duane eddy
plies,3,plies
jermaine jackson,3,jermaine jackson
keri hilson,3,keri hilson
jim stafford,3,jim stafford
jesse mccartney,3,jesse mccartney
jessica simpson,3,jessica simpson
kevin rudolf,3,kevin rudolf
boys like girls,3,boys like girls
bonnie raitt,3,bonnie raitt
the friends of distinction,3,the friends of distinction
the four lads,3,the four lads
a boogie wit da hoodie,3,a boogie wit da hoodie
the lettermen,3,the lettermen
the miracles,3,the miracles
the moody blues,3,the moody blues
the game,3,the game
bob dylan,3,bob dylan
the human league,3,the human league
keith urban,3,keith urban
kci & jojo,3,kci & jojo
phillip phillips,3,phillip phillips
ben e king,3,ben e king
bay city rollers,3,bay city rollers
barry white,3,barry white
az yet,3,az yet
tiffany,3,tiffany
bananarama,3,bananarama
pablo cruise,3,pablo cruise
panic at the disco,3,panic at the disco
paramore,3,paramore
eurythmics,3,eurythmics
evanescence,3,evanescence
erykah badu,3,erykah badu
eric carmen,3,eric carmen
paul davis,3,paul davis
ella mai,3,ella mai
pet shop boys,3,pet shop boys
peabo bryson,3,peabo bryson
johnny nash,3,johnny nash
21 savage,3,21 savage
alabama,3,alabama
3oh3,2,3oh3
william,2,william
white lion,2,white lion
whitesnake,2,whitesnake
webbie,2,webbie
al hirt,2,al hirt
al stewart,2,al stewart
johnny preston,2,johnny preston
johnnie taylor,2,johnnie taylor
johnny & the hurricanes,2,johnny & the hurricanes
johnny cash,2,johnny cash
young money,2,young money
young thug,2,young thug
youngbloodz,2,youngbloodz
yung joc,2,yung joc
ying yang twins,2,ying yang twins
yg,2,yg
aaron neville,2,aaron neville
abc,2,abc
a taste of honey,2,a taste of honey
69 boyz,2,69 boyz
the kid laroi,2,the kid laroi
the j geils band,2,the j geils band
bobby freeman,2,bobby freeman
the marvelettes,2,the marvelettes
blood sweat & tears,2,blood sweat & tears
blackbear,2,blackbear
blaque,2,blaque
black box,2,black box
wyclef jean,2,wyclef jean
x ambassadors,2,x ambassadors
yes,2,yes
the happenings,2,the happenings
the heights,2,the heights
the highwaymen,2,the highwaymen
the hilltoppers,2,the hilltoppers
the gaylords,2,the gaylords
the new christy minstrels,2,the new christy minstrels
the new seekers,2,the new seekers
the manhattans,2,the manhattans
jesus jones,2,jesus jones
jessie murph,2,jessie murph
jerry reed,2,jerry reed
kenny g,2,kenny g
kenny nolan,2,kenny nolan
kenny rogers & the first edition,2,kenny rogers & the first edition
kelis,2,kelis
karol g,2,karol g
player,2,player
polo g,2,polo g
pink floyd,2,pink floyd
eddie hodges,2,eddie hodges
dusty springfield,2,dusty springfield
dram,2,dram
pharrell williams,2,pharrell williams
phil harris,2,phil harris
bad english,2,bad english
badfinger,2,badfinger
benny blanco,2,benny blanco
bazzi,2,bazzi
the time,2,the time
the tremeloes,2,the tremeloes
the troggs,2,the troggs
playboi carti,2,playboi carti
parker mccollum,2,parker mccollum
orleans,2,orleans
ot genasis,2,ot genasis
todd rundgren,2,todd rundgren
tom petty,2,tom petty
barbara lewis,2,barbara lewis
bachmanturner overdrive,2,bachmanturner overdrive
bad company,2,bad company
parmalee,2,parmalee
party tyme karaoke,2,party tyme karaoke
passenger,2,passenger
eve,2,eve
eric church,2,eric church
engelbert humperdinck,2,engelbert humperdinck
england dan & john ford coley,2,england dan & john ford coley
enigma,2,enigma
bert kaempfert,2,bert kaempfert
becky g,2,becky g
bell biv devoe,2,bell biv devoe
extreme,2,extreme
offset,2,offset
no mercy,2,no mercy
noah kahan,2,noah kahan
nitty gritty dirt band,2,nitty gritty dirt band
don gibson,2,don gibson
portugal the man,2,portugal the man
three 6 mafia,2,three 6 mafia
the zombies,2,the zombies
thedream,2,thedream
the vogues,2,the vogues
the weavers,2,the weavers
the tymes,2,the tymes
oliver,2,oliver
ferrante & teicher,2,ferrante & teicher
field mob,2,field mob
fine young cannibals,2,fine young cannibals
ferlin husky,2,ferlin husky
fabian,2,fabian
donna fargo,2,donna fargo
donna lewis,2,donna lewis
peter gabriel,2,peter gabriel
percy faith & his orchestra,2,percy faith & his orchestra
b2k,2,b2k
atlanta rhythm section,2,atlanta rhythm section
ava max,2,ava max
avant,2,avant
average white band,2,average white band
old dominion,2,old dominion
donell jones,2,donell jones
nas,2,nas
musiq soulchild,2,musiq soulchild
mustard,2,mustard
myles smith,2,myles smith
mystikal,2,mystikal
ms lauryn hill,2,ms lauryn hill
muni long,2,muni long
raydio,2,raydio
ready for the world,2,ready for the world
red foley,2,red foley
rascal flatts,2,rascal flatts
ralph marterie,2,ralph marterie
psy,2,psy
puddle of mudd,2,puddle of mudd
quarterflash,2,quarterflash
naked eyes,2,naked eyes
divine,2,divine
dj jazzy jeff & the fresh prince,2,dj jazzy jeff & the fresh prince
dickey lee,2,dickey lee
dido,2,dido
dierks bentley,2,dierks bentley
redbone,2,redbone
ray peterson,2,ray peterson
nle choppa,2,nle choppa
nicky jam,2,nicky jam
new boyz,2,new boyz
nelson,2,nelson
frank chacksfield,2,frank chacksfield
floyd cramer,2,floyd cramer
five for fighting,2,five for fighting
nate smith,2,nate smith
mgk,2,mgk
gene chandler,2,gene chandler
merril bainbridge,2,merril bainbridge
meek mill,2,meek mill
megan moroney,2,megan moroney
mel & tim,2,mel & tim
mel carter,2,mel carter
melanie,2,melanie
dem franchize boyz,2,dem franchize boyz
deniece williams,2,deniece williams
del wood,2,del wood
robert john,2,robert john
rita coolidge,2,rita coolidge
rob thomas,2,rob thomas
rick nelson,2,rick nelson
metro boomin,2,metro boomin
miami sound machine,2,miami sound machine
rupert holmes,2,rupert holmes
russell dickerson,2,russell dickerson
rose royce,2,rose royce
ruben studdard,2,ruben studdard
roger williams,2,roger williams
robyn,2,robyn
desiigner,2,desiigner
murray head,2,murray head
freddy fender,2,freddy fender
freda payne,2,freda payne
mr big,2,mr big
mr mister,2,mr mister
michael martin murphey,2,michael martin murphey
michael mcdonald,2,michael mcdonald
michelle branch,2,michelle branch
shanice,2,shanice
shaed,2,shaed
dave baby cortez,2,dave baby cortez
danity kane,2,danity kane
dan hill,2,dan hill
dangelo,2,dangelo
daniel bedingfield,2,daniel bedingfield
seals and crofts,2,seals and crofts
sam & dave,2,sam & dave
ryan cabrera,2,ryan cabrera
sade,2,sade
rufus,2,rufus
cream,2,cream
corey hart,2,corey hart
cornelius brothers & sister rose,2,cornelius brothers & sister rose
sheila e,2,sheila e
debbie reynolds,2,debbie reynolds
debelah morgan,2,debelah morgan
daya,2,daya
david lee roth,2,david lee roth
david ruffin,2,david ruffin
david banner,2,david banner
sam the sham & the pharaohs,2,sam the sham & the pharaohs
saja boys,2,saja boys
maxi priest,2,maxi priest
maxine nightingale,2,maxine nightingale
maxwell,2,maxwell
mc lyte,2,mc lyte
master p,2,master p
saweetie,2,saweetie
sananda maitreya,2,sananda maitreya
sandy posey,2,sandy posey
trick daddy,2,trick daddy
tracy chapman,2,tracy chapman
toya,2,toya
tony toni tone,2,tony toni tone
tory lanez,2,tory lanez
toneloc,2,toneloc
coi leray,2,coi leray
clean bandit,2,clean bandit
hailee steinfeld,2,hailee steinfeld
hamilton joe frank & reynolds,2,hamilton joe frank & reynolds
hanson,2,hanson
hardy,2,hardy
tyga,2,tyga
tyler hubbard,2,tyler hubbard
tyler the creator,2,tyler the creator
tyrese,2,tyrese
glass animals,2,glass animals
glass tiger,2,glass tiger
glenn frey,2,glenn frey
glenn medeiros,2,glenn medeiros
gino vannelli,2,gino vannelli
marv johnson,2,marv johnson
marky mark and the funky bunch,2,marky mark and the funky bunch
harry chapin,2,harry chapin
gordon jenkins,2,gordon jenkins
gordon lightfoot,2,gordon lightfoot
gorillaz,2,gorillaz
gq,2,gq
gloria gaynor,2,gloria gaynor
go west,2,go west
gogi grant,2,gogi grant
golden earring,2,golden earring
annette funicello,2,annette funicello
haddaway,2,haddaway
groove theory,2,groove theory
maren morris,2,maren morris
major lance,2,major lance
manfred mann,2,manfred mann
mac davis,2,mac davis
lupe fiasco,2,lupe fiasco
cutting crew,2,cutting crew
crosby stills & nash,2,crosby stills & nash
crowded house,2,crowded house
crystal waters,2,crystal waters
craig david,2,craig david
asia,2,asia
anita baker,2,anita baker
anita bryant,2,anita bryant
skip & flip,2,skip & flip
silver convention,2,silver convention
simple minds,2,simple minds
simply red,2,simply red
sisqo,2,sisqo
silento,2,silento
silk,2,silk
curtis mayfield,2,curtis mayfield
climax blues band,2,climax blues band
clarence carter,2,clarence carter
classics iv,2,classics iv
smash mouth,2,smash mouth
sister hazel,2,sister hazel
sister sledge,2,sister sledge
skeeter davis,2,skeeter davis
skid row,2,skid row
city high,2,city high
christina perri,2,christina perri
chris montez,2,chris montez
the surfaris,2,the surfaris
the staple singers,2,the staple singers
the shangrilas,2,the shangrilas
billy j kramer & the dakotas,2,billy j kramer & the dakotas
the sandpipers,2,the sandpipers
connie stevens,2,connie stevens
conway twitty,2,conway twitty
clyde mcphatter,2,clyde mcphatter
cobra starship,2,cobra starship
stephen bishop,2,stephen bishop
steppenwolf,2,steppenwolf
steve lacy,2,steve lacy
chumbawamba,2,chumbawamba
the partridge family,2,the partridge family
childish gambino,2,childish gambino
soul ii soul,2,soul ii soul
soul asylum,2,soul asylum
soul for real,2,soul for real
snow patrol,2,snow patrol
sombr,2,sombr
somethin for the people,2,somethin for the people
howard jones,2,howard jones
hot chocolate,2,hot chocolate
honey cone,2,honey cone
lou gramm,2,lou gramm
the seekers,2,the seekers
the rascals,2,the rascals
the originals,2,the originals
the orlons,2,the orlons
sue thompson,2,sue thompson
sugarloaf,2,sugarloaf
stevie b,2,stevie b
brooks & dunn,2,brooks & dunn
the browns,2,the browns
the band perry,2,the band perry
the beau brummels,2,the beau brummels
carole king,2,carole king
champaign,2,champaign
changing faces,2,changing faces
tara kemp,2,tara kemp
tavares,2,tavares
tag team,2,tag team
take that,2,take that
surface,2,surface
stray cats,2,stray cats
inner circle,2,inner circle
inoj,2,inoj
isaac hayes,2,isaac hayes
immature,2,immature
ini kamoze,2,ini kamoze
iggy azalea,2,iggy azalea
tennessee ernie ford,2,tennessee ernie ford
chase rice,2,chase rice
loverboy,2,loverboy
lonnie donegan,2,lonnie donegan
lobo,2,lobo
logic,2,logic
little big town,2,little big town
little anthony & the imperials,2,little anthony & the imperials
lil uzi vert,2,lil uzi vert
linda scott,2,linda scott
the delfonics,2,the delfonics
the dells,2,the dells
the diamonds,2,the diamonds
the crests,2,the crests
the crystals,2,the crystals
the cure,2,the cure
the cover girls,2,the cover girls
the cranberries,2,the cranberries
the fleetwoods,2,the fleetwoods
the fontane sisters,2,the fontane sisters
the fortunes,2,the fortunes
the foundations,2,the foundations
the edgar winter group,2,the edgar winter group
the escape club,2,the escape club
the dovells,2,the dovells
the dramatics,2,the dramatics
lee dorsey,2,lee dorsey
leona lewis,2,leona lewis
james ingram,2,james ingram
jamie foxx,2,jamie foxx
jaheim,2,jaheim
jake owen,2,jake owen
jackie deshannon,2,jackie deshannon
iyaz,2,iyaz
carla thomas,2,carla thomas
camron,2,camron
the andrews sisters,2,the andrews sisters
the animals,2,the animals
tesla,2,tesla
lil tecca,2,lil tecca
lfo,2,lfo
lil flip,2,lil flip
brad paisley,2,brad paisley
bonnie tyler,2,bonnie tyler
boston,2,boston
kim carnes,2,kim carnes
kim wilde,2,kim wilde
kevin gates,2,kevin gates
jim jones,2,jim jones
jimmie rodgers,2,jimmie rodgers
the lumineers,2,the lumineers
the main ingredient,2,the main ingredient
the klf,2,the klf
the greg kihn band,2,the greg kihn band
the four preps,2,the four preps
brett young,2,brett young
brian hyland,2,brian hyland
breathe,2,breathe
lee ann womack,2,lee ann womack
latto,2,latto
la bouche,2,la bouche
kylie minogue,2,kylie minogue
koe wetzel,2,koe wetzel
kings of leon,2,kings of leon
kitty kallen,2,kitty kallen
billy squier,2,billy squier
the charlie daniels band,2,the charlie daniels band
bt express,2,bt express
j balvin,2,j balvin
j holiday,2,j holiday
jefferson airplane,2,jefferson airplane
jefferson starship,2,jefferson starship
jaye p morgan,2,jaye p morgan
janis ian,2,janis ian
6ix9ine,2,6ix9ine
702,2,702
zayn,2,zayn
24kgoldn,2,24kgoldn
zhane,2,zhane
zz top,2,zz top
38 special,2,38 special
ynw melly,2,ynw melly
ambrosia,2,ambrosia
alicia bridges,2,alicia bridges
jon b,2,jon b
will to power,2,will to power
wizkid,2,wizkid
johnny horton,2,johnny horton
2 chainz,2,2 chainz
10cc,2,10cc
junior mafia,2,junior mafia
adam wade,2,adam wade
wang chung,2,wang chung
warrant,2,warrant
village people,2,village people
vanilla ice,2,vanilla ice
andy kim,2,andy kim
allure,2,allure
bobby lewis,2,bobby lewis
bob welch,2,bob welch
blues traveler,2,blues traveler
jo dee messina,2,jo dee messina
jimmy jones,2,jimmy jones
jimmy soul,2,jimmy soul
jimmy dean,2,jimmy dean
kansas,2,kansas
elle king,2,elle king
edwin starr,2,edwin starr
eddy howard,2,eddy howard
paul young,2,paul young
paula cole,2,paula cole
paul evans,2,paul evans
patsy cline,2,patsy cline
parliament,2,parliament
perez prado,2,perez prado
peso pluma,2,peso pluma
pearl jam,2,pearl jam
pee wee hunt,2,pee wee hunt
peggy lee,2,peggy lee
percy faith,2,percy faith
emilio pericoli,2,emilio pericoli
eli young band,2,eli young band
julius la rosa,2,julius la rosa
jr walker & the all stars,2,jr walker & the all stars
joe walsh,2,joe walsh
joey dee & the starliters,2,joey dee & the starliters
joe jackson,2,joe jackson
joe south,2,joe south
jojo,2,jojo
percy sledge,2,percy sledge
yo gotti,2,yo gotti
tyrone davis,2,tyrone davis
ugly kid joe,2,ugly kid joe
uncle kracker,2,uncle kracker
unk,2,unk
twista,2,twista
juvenile,2,juvenile
julian lennon,2,julian lennon
 & the mysterians,1, & the mysterians
3lw,1,3lw
3t,1,3t
ace hood,1,ace hood
acker bilk,1,acker bilk
adam ant,1,adam ant
adam clayton & larry mullen jr,1,adam clayton & larry mullen jr
adam lambert,1,adam lambert
adina howard,1,adina howard
after the fire,1,after the fire
aha,1,aha
wale,1,wale
walk the moon,1,walk the moon
walter brennan,1,walter brennan
walter egan,1,walter egan
walter murphy,1,walter murphy
warren zeiders,1,warren zeiders
wayne fontana & the mindbenders,1,wayne fontana & the mindbenders
wayne newton,1,wayne newton
vic dana,1,vic dana
vicki lawrence,1,vicki lawrence
vicki sue robinson,1,vicki sue robinson
victoria monet,1,victoria monet
vikki carr,1,vikki carr
voices of theory,1,voices of theory
wadsworth mansion,1,wadsworth mansion
waka flocka flame,1,waka flocka flame
vangelis,1,vangelis
vanilla fudge,1,vanilla fudge
vanity fare,1,vanity fare
various artists,1,various artists
vaughn monroe,1,vaughn monroe
vera lynn,1,vera lynn
vertical horizon,1,vertical horizon
vic damone,1,vic damone
john paul young,1,john paul young
john schneider,1,john schneider
john sebastian,1,john sebastian
john stewart,1,john stewart
john waite,1,john waite
john williams,1,john williams
jp saxe,1,jp saxe
jrgen ingmann,1,jrgen ingmann
joey mcintyre,1,joey mcintyre
joey scarbury,1,joey scarbury
john cafferty & the beaver brown band,1,john cafferty & the beaver brown band
john cougarmellencamp,1,john cougarmellencamp
john fogerty,1,john fogerty
john fred and his playboy band,1,john fred and his playboy band
john michael montgomery,1,john michael montgomery
john parr,1,john parr
jordan knight,1,jordan knight
jose feliciano,1,jose feliciano
joshua kadison,1,joshua kadison
joe henderson,1,joe henderson
joe hinton,1,joe hinton
joe jones,1,joe jones
joe public,1,joe public
joey lawrence,1,joey lawrence
johnny hates jazz,1,johnny hates jazz
johnny standley,1,johnny standley
joji,1,joji
jon bellion,1,jon bellion
jon bon jovi,1,jon bon jovi
jon pardi,1,jon pardi
jonathan edwards,1,jonathan edwards
joni mitchell,1,joni mitchell
jimmy ruffin,1,jimmy ruffin
jimmy smith,1,jimmy smith
jive bunny and the mastermixers,1,jive bunny and the mastermixers
jkwon,1,jkwon
jnr choi,1,jnr choi
jo stafford & gordon macrae,1,jo stafford & gordon macrae
jo stafford & johnny mercer,1,jo stafford & johnny mercer
joan baez,1,joan baez
karla bonoff,1,karla bonoff
jimmy charles,1,jimmy charles
jimmy cliff,1,jimmy cliff
jimmy dorsey & his orchestra,1,jimmy dorsey & his orchestra
jimmy eat world,1,jimmy eat world
jimmy gilmer & the fireballs,1,jimmy gilmer & the fireballs
jimmy hughes,1,jimmy hughes
jimmy ray,1,jimmy ray
jvke,1,jvke
kai winding,1,kai winding
kajagoogoo,1,kajagoogoo
kali uchis,1,kali uchis
kaliii,1,kaliii
kalin twins,1,kalin twins
kandi,1,kandi
kardinal offishall,1,kardinal offishall
jt money,1,jt money
jud strunk,1,jud strunk
judy collins,1,judy collins
juelz santana,1,juelz santana
julia michaels,1,julia michaels
julio iglesias,1,julio iglesias
june valli,1,june valli
jung kook,1,jung kook
jesse powell,1,jesse powell
jessi colter,1,jessi colter
jessica andrews,1,jessica andrews
jessica darrow,1,jessica darrow
jet,1,jet
jethro tull,1,jethro tull
jewel akens,1,jewel akens
jhene aiko,1,jhene aiko
kelly rowland,1,kelly rowland
kenny ball,1,kenny ball
kent jones,1,kent jones
jeremy jordan,1,jeremy jordan
jermaine stewart,1,jermaine stewart
jerrod niemann,1,jerrod niemann
jerry lee lewis,1,jerry lee lewis
jerry wallace,1,jerry wallace
kathy linden,1,kathy linden
kathy troccoli,1,kathy troccoli
katrina & the waves,1,katrina & the waves
kay starr and tennessee ernie ford,1,kay starr and tennessee ernie ford
kehlani,1,kehlani
keith,1,keith
keith carradine,1,keith carradine
kelly price,1,kelly price
joan osborne,1,joan osborne
joan weber,1,joan weber
joanie sommers,1,joanie sommers
jody reynolds,1,jody reynolds
joe dowell,1,joe dowell
joe harnell,1,joe harnell
karmin,1,karmin
kate bush,1,kate bush
kt tunstall,1,kt tunstall
kws,1,kws
kygo,1,kygo
kyle,1,kyle
kyper,1,kyper
kyu sakamoto,1,kyu sakamoto
la roux,1,la roux
labelle,1,labelle
kirko bangz,1,kirko bangz
klymaxx,1,klymaxx
kokomo,1,kokomo
kongos,1,kongos
kp & envyi,1,kp & envyi
kris allen,1,kris allen
kris kristofferson,1,kris kristofferson
kristinia debarge,1,kristinia debarge
kevon edmonds,1,kevon edmonds
kid cudi,1,kid cudi
kid ink,1,kid ink
kiiara,1,kiiara
king curtis,1,king curtis
king floyd,1,king floyd
king harvest,1,king harvest
kip moore,1,kip moore
jibbs,1,jibbs
jidenna,1,jidenna
jim lowe,1,jim lowe
jim reeves,1,jim reeves
jimin,1,jimin
jimmy buffett,1,jimmy buffett
ketty lester,1,ketty lester
kevin lyttle,1,kevin lyttle
jd souther,1,jd souther
jean knight,1,jean knight
jeanne black,1,jeanne black
jeannie c riley,1,jeannie c riley
jennifer paige,1,jennifer paige
jennifer warnes,1,jennifer warnes
j frank wilson & the cavaliers,1,j frank wilson & the cavaliers
jack jones,1,jack jones
jane morgan,1,jane morgan
janis joplin,1,janis joplin
jann arden,1,jann arden
jawsh 685,1,jawsh 685
jay & the techniques,1,jay & the techniques
jay ferguson,1,jay ferguson
jay rock,1,jay rock
jd,1,jd
laurie london,1,laurie london
lauv,1,lauv
lavern baker,1,lavern baker
lawrence welk,1,lawrence welk
leblanc and carr,1,leblanc and carr
jan bradley,1,jan bradley
jan hammer,1,jan hammer
jane child,1,jane child
lamont dozier,1,lamont dozier
lana del rey,1,lana del rey
larry finnegan,1,larry finnegan
larry groce,1,larry groce
larry hall,1,larry hall
larry verne,1,larry verne
lauren daigle,1,lauren daigle
lauren spencer smith,1,lauren spencer smith
lil romeo,1,lil romeo
hugh masekela,1,hugh masekela
hugo montenegro & his orchestra,1,hugo montenegro & his orchestra
hurricane chris,1,hurricane chris
hurricane smith,1,hurricane smith
ian matthews,1,ian matthews
ian whitcomb,1,ian whitcomb
ice spice,1,ice spice
level 42,1,level 42
levert,1,levert
liam payne,1,liam payne
lil dicky,1,lil dicky
lil jon,1,lil jon
lil mo,1,lil mo
lil mosey,1,lil mosey
lil pump,1,lil pump
james newton howard,1,james newton howard
jamie walters,1,jamie walters
lee michaels,1,lee michaels
leif garrett,1,leif garrett
len,1,len
leon thomas,1,leon thomas
leroy anderson,1,leroy anderson
les paul,1,les paul
jack u,1,jack u
jack wagner,1,jack wagner
jadakiss,1,jadakiss
james & bobby purify,1,james & bobby purify
james arthur,1,james arthur
james bay,1,james bay
james blunt,1,james blunt
james darren,1,james darren
lloyd banks,1,lloyd banks
loggins & messina,1,loggins & messina
lola young,1,lola young
londonbeat,1,londonbeat
lonnie mack,1,lonnie mack
looking glass,1,looking glass
lord tariq,1,lord tariq
loreena mckennitt,1,loreena mckennitt
lisa loeb & nine stories,1,lisa loeb & nine stories
lisa stansfield,1,lisa stansfield
lita ford,1,lita ford
little caesar & the romans,1,little caesar & the romans
little eva,1,little eva
little johnny taylor,1,little johnny taylor
little peggy march,1,little peggy march
little richard,1,little richard
instant funk,1,instant funk
internet money,1,internet money
ivo robic,1,ivo robic
lil tjay,1,lil tjay
lindsey buckingham,1,lindsey buckingham
linear,1,linear
lipps inc,1,lipps inc
lisa loeb,1,lisa loeb
icehouse,1,icehouse
icona pop,1,icona pop
idina menzel,1,idina menzel
ilovemakonnen,1,ilovemakonnen
ilovememphis,1,ilovememphis
incubus,1,incubus
inez foxx,1,inez foxx
information society,1,information society
horst jankowski,1,horst jankowski
hot,1,hot
hot butter,1,hot butter
hot chelle rae,1,hot chelle rae
house of pain,1,house of pain
houston,1,houston
howie day,1,howie day
htown,1,htown
heavy d & the boyz,1,heavy d & the boyz
heavy d&w and the hit crew boyz,1,heavy d&w and the hit crew boyz
hellogoodbye,1,hellogoodbye
henry gross,1,henry gross
her,1,her
herb alpert & the tijuana brass,1,herb alpert & the tijuana brass
high inergy,1,high inergy
hoobastank,1,hoobastank
lsg,1,lsg
ltd,1,ltd
luis fonsi,1,luis fonsi
lukas graham,1,lukas graham
luke,1,luke
lulu,1,lulu
lumidee,1,lumidee
heavy d,1,heavy d
los bravos,1,los bravos
los indios tabajaras,1,los indios tabajaras
los lobos,1,los lobos
los lonely boys,1,los lonely boys
lou bega,1,lou bega
louis armstrong,1,louis armstrong
love and rockets,1,love and rockets
love unlimited,1,love unlimited
great white,1,great white
green jelly,1,green jelly
gregory abbott,1,gregory abbott
gretchen wilson,1,gretchen wilson
grover washington jr,1,grover washington jr
grupo frontera,1,grupo frontera
gunit,1,gunit
hank ballard & the midnighters,1,hank ballard & the midnighters
major harris,1,major harris
maneskin,1,maneskin
manfred manns earth band,1,manfred manns earth band
mantovani & his orchestra,1,mantovani & his orchestra
marcy playground,1,marcy playground
maria muldaur,1,maria muldaur
mariah the scientist,1,mariah the scientist
marian hill,1,marian hill
m  robin scott,1,m  robin scott
m people,1,m people
mac & katie kissoon,1,mac & katie kissoon
macklemore,1,macklemore
macy gray,1,macy gray
maddie & tae,1,maddie & tae
madness,1,madness
magic,1,magic
hudson westbrook,1,hudson westbrook
hues corporation,1,hues corporation
huey,1,huey
luniz,1,luniz
luscious jackson,1,luscious jackson
luther ingram,1,luther ingram
lynn anderson,1,lynn anderson
lynyrd skynyrd,1,lynyrd skynyrd
mary mary,1,mary mary
masked wolf,1,masked wolf
gigi perez,1,gigi perez
gillette,1,gillette
gina g,1,gina g
gisele mackenzie,1,gisele mackenzie
giveon,1,giveon
glenn yarbrough,1,glenn yarbrough
martin denny,1,martin denny
martin garrix,1,martin garrix
martin page,1,martin page
marty balin,1,marty balin
marvin hamlisch,1,marvin hamlisch
mary hopkin,1,mary hopkin
mary jane girls,1,mary jane girls
mary macgregor,1,mary macgregor
mark chesnutt,1,mark chesnutt
mark dinning,1,mark dinning
mark lindsay,1,mark lindsay
mark morrison,1,mark morrison
mark ronson,1,mark ronson
mark wills,1,mark wills
marmalade,1,marmalade
martika,1,martika
hank locklin,1,hank locklin
hank williams,1,hank williams
harold faltermeyer,1,harold faltermeyer
harold melvin & the blue notes,1,harold melvin & the blue notes
harry belafonte,1,harry belafonte
havana brown,1,havana brown
marilyn mccoo,1,marilyn mccoo
mario winans,1,mario winans
gene vincent,1,gene vincent
general public,1,general public
george cates & his orchestra,1,george cates & his orchestra
george ezra,1,george ezra
george hamilton iv,1,george hamilton iv
george mccrae,1,george mccrae
georgie fame,1,georgie fame
gerald levert,1,gerald levert
mercy,1,mercy
meredith brooks,1,meredith brooks
gary numan,1,gary numan
gavin rossdale,1,gavin rossdale
gayle,1,gayle
gene & debbe,1,gene & debbe
gene mcdaniels,1,gene mcdaniels
gene simmons,1,gene simmons
matthews southern comfort,1,matthews southern comfort
maureen mcgovern,1,maureen mcgovern
maurice williams,1,maurice williams
max,1,max
mcfadden & whitehead,1,mcfadden & whitehead
meco,1,meco
mellow man ace,1,mellow man ace
men without hats,1,men without hats
gnarls barkley,1,gnarls barkley
gnash,1,gnash
gotye,1,gotye
grace kelly,1,grace kelly
gracie abrams,1,gracie abrams
mason williams,1,mason williams
matt monro,1,matt monro
matthew wilder,1,matthew wilder
mims,1,mims
minnie riperton,1,minnie riperton
mint condition,1,mint condition
mitch miller & his orchestra & chorus,1,mitch miller & his orchestra & chorus
mitch ryder and the detroit wheels,1,mitch ryder and the detroit wheels
mkto,1,mkto
mo thugs family,1,mo thugs family
moby,1,moby
michelle,1,michelle
mickey gilley,1,mickey gilley
mike jones,1,mike jones
mike oldfield,1,mike oldfield
mike post,1,mike post
mike reno,1,mike reno
mike will madeit,1,mike will madeit
millie small,1,millie small
mia,1,mia
michael buble,1,michael buble
michael damian,1,michael damian
michael franti & spearhead,1,michael franti & spearhead
michael jackson & janet jackson,1,michael jackson & janet jackson
michael johnson,1,michael johnson
michael sembello,1,michael sembello
michael w smith,1,michael w smith
gerardo,1,gerardo
gerry rafferty,1,gerry rafferty
ghost town djs,1,ghost town djs
merrilee rush & the turnabouts,1,merrilee rush & the turnabouts
metallica,1,metallica
method man,1,method man
metro station,1,metro station
mfsb,1,mfsb
frida,1,frida
friend & lover,1,friend & lover
frijid pink,1,frijid pink
fuel,1,fuel
fuerza regida,1,fuerza regida
gabrielle,1,gabrielle
gale garnett,1,gale garnett
gale storm,1,gale storm
frankie lymon & the teenagers,1,frankie lymon & the teenagers
freak nasty,1,freak nasty
freddie & the dreamers,1,freddie & the dreamers
freddie hart,1,freddie hart
freddie king,1,freddie king
freddie scott,1,freddie scott
free,1,free
french montana,1,french montana
motley crue,1,motley crue
mountain,1,mountain
mouth & macneal,1,mouth & macneal
moving pictures,1,moving pictures
mr cheeks,1,mr cheeks
franke & the knockouts,1,franke & the knockouts
frankie ford,1,frankie ford
frankie laine & jimmy boyd,1,frankie laine & jimmy boyd
mocedades,1,mocedades
mokenstef,1,mokenstef
monifah,1,monifah
monotones,1,monotones
mooski,1,mooski
morris albert,1,morris albert
morris stoloff,1,morris stoloff
motherlode,1,motherlode
floetry,1,floetry
floyymenor,1,floyymenor
flume,1,flume
flying machine,1,flying machine
focus,1,focus
foghat,1,foghat
foo fighters,1,foo fighters
force mds,1,force mds
natural selection,1,natural selection
naughty boy,1,naughty boy
firefall,1,firefall
first class,1,first class
five,1,five
five man electrical band,1,five man electrical band
flipp dinero,1,flipp dinero
flo milli,1,flo milli
musical youth,1,musical youth
my chemical romance,1,my chemical romance
n ii u,1,n ii u
n2deep,1,n2deep
nancy sinatra,1,nancy sinatra
nancy wilson,1,nancy wilson
natalie,1,natalie
natalie la rose,1,natalie la rose
gallery,1,gallery
garnet mimms & the enchanters,1,garnet mimms & the enchanters
mr president,1,mr president
mr probz,1,mr probz
mumford & sons,1,mumford & sons
mungo jerry,1,mungo jerry
murphy lee,1,murphy lee
music explosion,1,music explosion
nick lachey,1,nick lachey
nicki french,1,nicki french
nicky youre,1,nicky youre
nico & vinz,1,nico & vinz
nicole,1,nicole
nicolette larson,1,nicolette larson
nigel olsson,1,nigel olsson
niko moon,1,niko moon
nervous norvus,1,nervous norvus
neton vega,1,neton vega
new colony six,1,new colony six
new york city,1,new york city
nf,1,nf
niall horan,1,niall horan
nick cannon,1,nick cannon
nick gilder,1,nick gilder
nazareth,1,nazareth
ned miller,1,ned miller
neiked,1,neiked
neil young,1,neil young
nelson riddle,1,nelson riddle
nena,1,nena
neneh cherry,1,neneh cherry
nerd,1,nerd
fort minor,1,fort minor
foster the people,1,foster the people
foxy,1,foxy
foxy brown,1,foxy brown
franck pourcel,1,franck pourcel
frank mills,1,frank mills
frank stallone,1,frank stallone
frank weir,1,frank weir
falco,1,falco
fancy,1,fancy
fantasia,1,fantasia
faron young,1,faron young
fastball,1,fastball
fifty fifty,1,fifty fifty
filter,1,filter
oleta adams,1,oleta adams
ohio express,1,ohio express
everclear,1,everclear
everlast,1,everlast
every mothers son,1,every mothers son
everything but the girl,1,everything but the girl
exile,1,exile
eydie gorme,1,eydie gorme
faith no more,1,faith no more
norman greenbaum,1,norman greenbaum
nu flavor,1,nu flavor
nu shooz,1,nu shooz
oasis,1,oasis
oc smith,1,oc smith
ocean,1,ocean
odyssey,1,odyssey
of monsters and men,1,of monsters and men
nina sky,1,nina sky
nine days,1,nine days
nino tempo & april stevens,1,nino tempo & april stevens
nirvana,1,nirvana
nivea,1,nivea
noel paul stookey,1,noel paul stookey
norah jones,1,norah jones
nore,1,nore
ernie kdoe,1,ernie kdoe
ernie maresca,1,ernie maresca
eruption,1,eruption
eslabon armado,1,eslabon armado
estelle,1,estelle
eternal,1,eternal
europe,1,europe
evan and jaron,1,evan and jaron
erasure,1,erasure
eric benet,1,eric benet
eric burdon,1,eric burdon
eric burdon & the animals,1,eric burdon & the animals
eric weissberg,1,eric weissberg
erick sermon,1,erick sermon
ernest,1,ernest
ernie fields orchestra,1,ernie fields orchestra
otis redding,1,otis redding
otown,1,otown
p diddy,1,p diddy
pacific gas & electric,1,pacific gas & electric
papa roach,1,papa roach
paper lace,1,paper lace
paperboy,1,paperboy
enya,1,enya
oliver anthony music,1,oliver anthony music
ollie & jerry,1,ollie & jerry
olly murs,1,olly murs
omi,1,omi
onyx,1,onyx
orchestral manoeuvres in the dark,1,orchestral manoeuvres in the dark
orianthi,1,orianthi
oscar maydon,1,oscar maydon
edward maya,1,edward maya
edwin mccain,1,edwin mccain
eiffel 65,1,eiffel 65
eileen barton,1,eileen barton
el debarge,1,el debarge
ella henderson,1,ella henderson
ella langley,1,ella langley
ella mae morse,1,ella mae morse
paula deanda,1,paula deanda
eddie murphy,1,eddie murphy
eddy grant,1,eddy grant
edens crush,1,edens crush
edie brickell & new bohemians,1,edie brickell & new bohemians
edison lighthouse,1,edison lighthouse
edith piaf,1,edith piaf
edward bear,1,edward bear
patti labelle,1,patti labelle
patti smith,1,patti smith
patty duke,1,patty duke
patty smyth,1,patty smyth
paul & paula,1,paul & paula
paul carrack,1,paul carrack
paul mauriat,1,paul mauriat
paul russell,1,paul russell
eve 6,1,eve 6
evelyn champagne king,1,evelyn champagne king
party tyme,1,party tyme
partynextdoor,1,partynextdoor
patience & prudence,1,patience & prudence
patrick hernandez,1,patrick hernandez
patrick swayze,1,patrick swayze
patti austin,1,patti austin
eagleeye cherry,1,eagleeye cherry
eamon,1,eamon
eartha kitt,1,eartha kitt
echosmith,1,echosmith
ed ames,1,ed ames
ed sheeran & justin bieber,1,ed sheeran & justin bieber
eddie heywood,1,eddie heywood
eddie holman,1,eddie holman
dream,1,dream
drs,1,drs
duice,1,duice
duncan laurence,1,duncan laurence
duncan sheik,1,duncan sheik
dustin lynch,1,dustin lynch
dwight twilley band,1,dwight twilley band
e40,1,e40
peter brown,1,peter brown
peter mccann,1,peter mccann
peter paul & mary,1,peter paul & mary
peter schilling,1,peter schilling
petey pablo,1,petey pablo
phil phillips,1,phil phillips
philip bailey,1,philip bailey
dr john,1,dr john
elliott yamin,1,elliott yamin
elvin bishop,1,elvin bishop
em beihold,1,em beihold
emeli sande,1,emeli sande
emf,1,emf
pee wee king,1,pee wee king
perry como and eddie fisher,1,perry como and eddie fisher
pete townshend,1,pete townshend
don robertson,1,don robertson
don rondo,1,don rondo
don toliver,1,don toliver
donnie brooks,1,donnie brooks
donny hathaway,1,donny hathaway
doris troy,1,doris troy
dorothy moore,1,dorothy moore
dove cameron,1,dove cameron
do or die,1,do or die
dobie gray,1,dobie gray
dodie stevens,1,dodie stevens
domenico modugno,1,domenico modugno
domino,1,domino
don & juan,1,don & juan
don cherry,1,don cherry
don howard,1,don howard
positive k,1,positive k
powfu,1,powfu
pras,1,pras
preston epps,1,preston epps
pretty poison,1,pretty poison
priscilla wright,1,priscilla wright
procol harum,1,procol harum
prosource karaoke,1,prosource karaoke
phoebe snow,1,phoebe snow
pilot,1,pilot
pinkfong,1,pinkfong
pinkpantheress,1,pinkpantheress
plain white ts,1,plain white ts
planet soul,1,planet soul
pooh shiesty,1,pooh shiesty
portrait,1,portrait
rauw alejandro,1,rauw alejandro
ravyn lenae,1,ravyn lenae
ray anthony,1,ray anthony
ray anthony & his orchestra,1,ray anthony & his orchestra
ray conniff,1,ray conniff
ray goodman & brown,1,ray goodman & brown
raye,1,raye
rednex,1,rednex
ramsey lewis trio,1,ramsey lewis trio
randy & the rainbows,1,randy & the rainbows
randy houser,1,randy houser
randy newman,1,randy newman
randy vanwarmer,1,randy vanwarmer
raphael saadiq,1,raphael saadiq
raspberries,1,raspberries
ratt,1,ratt
quiet riot,1,quiet riot
quincy jones,1,quincy jones
r city,1,r city
r dean taylor,1,r dean taylor
rachel platten,1,rachel platten
ral donner,1,ral donner
ralph flanagan,1,ralph flanagan
ralph tresvant,1,ralph tresvant
dr buzzards original savannah band,1,dr buzzards original savannah band
pseudo echo,1,pseudo echo
public announcement,1,public announcement
pure prairie league,1,pure prairie league
quad city djs,1,quad city djs
quality control,1,quality control
queen latifah,1,queen latifah
queensryche,1,queensryche
dj kool,1,dj kool
dj sammy,1,dj sammy
djo,1,djo
dmx,1,dmx
dna,1,dna
dnce,1,dnce
richard harris,1,richard harris
richard hayman,1,richard hayman
dinah washington,1,dinah washington
dino desi & billy,1,dino desi & billy
dionne farris,1,dionne farris
dirty vegas,1,dirty vegas
disclosure,1,disclosure
disco tex & his sexolettes,1,disco tex & his sexolettes
dishwalla,1,dishwalla
divinyls,1,divinyls
rich homie quan,1,rich homie quan
rich the kid,1,rich the kid
richard chamberlain,1,richard chamberlain
dick & dee dee,1,dick & dee dee
diddy  dirty money,1,diddy  dirty money
digable planets,1,digable planets
digital underground,1,digital underground
dinah shore,1,dinah shore
reg owen,1,reg owen
regina richards,1,regina richards
rema,1,rema
restless heart,1,restless heart
rex smith,1,rex smith
rhythm heritage,1,rhythm heritage
rich boy,1,rich boy
rich gang,1,rich gang
dennis coffey & the detroit guitar band,1,dennis coffey & the detroit guitar band
deodato,1,deodato
deon estus,1,deon estus
deon jackson,1,deon jackson
depeche mode,1,depeche mode
derek & the dominos,1,derek & the dominos
desree,1,desree
detroit emeralds,1,detroit emeralds
robin lamont,1,robin lamont
deep purple,1,deep purple
default,1,default
del amitri,1,del amitri
delaney & bonnie,1,delaney & bonnie
delbert mcclinton,1,delbert mcclinton
della reese,1,della reese
denise lasalle,1,denise lasalle
ritt momney,1,ritt momney
rixton,1,rixton
robbie dupree,1,robbie dupree
robbie nevil,1,robbie nevil
robert knight,1,robert knight
robert maxwell his harp and orchestra,1,robert maxwell his harp and orchestra
robert miles,1,robert miles
robert parker,1,robert parker
richie havens,1,richie havens
rick dees and his cast of idiots,1,rick dees and his cast of idiots
rick james,1,rick james
rick ross,1,rick ross
rickie lee jones,1,rickie lee jones
right said fred,1,right said fred
riley green,1,riley green
ritchie valens,1,ritchie valens
roy head and the traits,1,roy head and the traits
royal philharmonic orchestra,1,royal philharmonic orchestra
ruby and the romantics,1,ruby and the romantics
ruff endz,1,ruff endz
rufus & chaka khan,1,rufus & chaka khan
rumi,1,rumi
rundmc,1,rundmc
rusty draper,1,rusty draper
rome,1,rome
ron holden,1,ron holden
ronnie and the hilites,1,ronnie and the hilites
ronnie dyson,1,ronnie dyson
ronny & the daytonas,1,ronny & the daytonas
rosanne cash,1,rosanne cash
rose,1,rose
rosie & the originals,1,rosie & the originals
robin s,1,robin s
rocko,1,rocko
rockwell,1,rockwell
rocky burnette,1,rocky burnette
rodney atkins,1,rodney atkins
roger,1,roger
roger voudouris,1,roger voudouris
rolf harris,1,rolf harris
dev,1,dev
devo,1,devo
dexys midnight runners,1,dexys midnight runners
dht,1,dht
diamond rio,1,diamond rio
diana king,1,diana king
diane renay,1,diane renay
robin mcnamara,1,robin mcnamara
dean lewis,1,dean lewis
debby boone,1,debby boone
dee clark,1,dee clark
deeelite,1,deeelite
deep blue something,1,deep blue something
sammy hagar,1,sammy hagar
sammy johns,1,sammy johns
sammy turner,1,sammy turner
david gates,1,david gates
david houston,1,david houston
david kushner,1,david kushner
david naughton,1,david naughton
david rose & his orchestra,1,david rose & his orchestra
david soul,1,david soul
dazz band,1,dazz band
dean friedman,1,dean friedman
samantha sang,1,samantha sang
sammi smith,1,sammi smith
sammie,1,sammie
dave matthews band,1,dave matthews band
david archuleta,1,david archuleta
david cook,1,david cook
david dundas,1,david dundas
david essex,1,david essex
ruth b,1,ruth b
ryan hurd,1,ryan hurd
s club,1,s club
safire,1,safire
sailcat,1,sailcat
saint jhn,1,saint jhn
sam barber,1,sam barber
samantha mumba,1,samantha mumba
danny & the juniors,1,danny & the juniors
danny williams,1,danny williams
darell,1,darell
darius rucker,1,darius rucker
darryl worley,1,darryl worley
daryl hall,1,daryl hall
das efx,1,das efx
dasha,1,dasha
d12,1,d12
d4l,1,d4l
daddy dewdrop,1,daddy dewdrop
daft punk,1,daft punk
damn yankees,1,damn yankees
dan hartman,1,dan hartman
daniel boone,1,daniel boone
daniel powter,1,daniel powter
schoolboy q,1,schoolboy q
scorpions,1,scorpions
scott mckenzie,1,scott mckenzie
scotty mccreery,1,scotty mccreery
scritti politti,1,scritti politti
secondhand serenade,1,secondhand serenade
seduction,1,seduction
d mob,1,d mob
sandy nelson,1,sandy nelson
sanford clark,1,sanford clark
sanford townsend band,1,sanford townsend band
santa esmeralda,1,santa esmeralda
santo & johnny,1,santo & johnny
saving abel,1,saving abel
scandal,1,scandal
scarface,1,scarface
cowboy church sunday school choir,1,cowboy church sunday school choir
cozy cole,1,cozy cole
craig mack,1,craig mack
crash test dummies,1,crash test dummies
crazy elephant,1,crazy elephant
crazy town,1,crazy town
crime mob,1,crime mob
crispian st peters,1,crispian st peters
shinedown,1,shinedown
shirley bassey,1,shirley bassey
shirley ellis,1,shirley ellis
shocking blue,1,shocking blue
corey kent,1,corey kent
corina,1,corina
corona,1,corona
count five,1,count five
shannon,1,shannon
shawn colvin,1,shawn colvin
shawn mullins,1,shawn mullins
sheb wooley,1,sheb wooley
sheck wes,1,sheck wes
shelley fabares,1,shelley fabares
shep and the limelites,1,shep and the limelites
sheriff,1,sheriff
dave brubeck,1,dave brubeck
dave edmunds,1,dave edmunds
dave loggins,1,dave loggins
sergio mendes,1,sergio mendes
sexyy red,1,sexyy red
sgt barry sadler,1,sgt barry sadler
shades of blue,1,shades of blue
shakespears sister,1,shakespears sister
cj & co,1,cj & co
ckay,1,ckay
clarence frogman henry,1,clarence frogman henry
claude king,1,claude king
claudine clark,1,claudine clark
clay aiken,1,clay aiken
cliff nobles,1,cliff nobles
climax,1,climax
sixpence none the richer,1,sixpence none the richer
skeelo,1,skeelo
skylark,1,skylark
slim harpo,1,slim harpo
sly fox,1,sly fox
smiley lewis,1,smiley lewis
smith,1,smith
cj,1,cj
shop boyz,1,shop boyz
shorty long,1,shorty long
silvana mangano,1,silvana mangano
silver,1,silver
sinead oconnor,1,sinead oconnor
sir douglas quintet,1,sir douglas quintet
sir mixalot,1,sir mixalot
sister janet mead,1,sister janet mead
crosby stills nash & young,1,crosby stills nash & young
crucial conflict,1,crucial conflict
crystal gayle,1,crystal gayle
culture beat,1,culture beat
curtis lee,1,curtis lee
cw mccall,1,cw mccall
cypress hill,1,cypress hill
shontelle,1,shontelle
cherish,1,cherish
cheryl lynn,1,cheryl lynn
chesney hawkes,1,chesney hawkes
chris barbers jazz band,1,chris barbers jazz band
chris de burgh,1,chris de burgh
chris isaak,1,chris isaak
chris kenner,1,chris kenner
chris norman,1,chris norman
stacey q,1,stacey q
staind,1,staind
stampeders,1,stampeders
stan freberg,1,stan freberg
stan getz,1,stan getz
stanley clarke,1,stanley clarke
starbuck,1,starbuck
cher lloyd,1,cher lloyd
sonique,1,sonique
sonny charles and the checkmates ltd,1,sonny charles and the checkmates ltd
souldecision,1,souldecision
sounds orchestral,1,sounds orchestral
spandau ballet,1,spandau ballet
spencer ross,1,spencer ross
spin doctors,1,spin doctors
spotemgottem,1,spotemgottem
clint holmes,1,clint holmes
club nouveau,1,club nouveau
colby odonis,1,colby odonis
commander cody and his lost planet airmen,1,commander cody and his lost planet airmen
snow,1,snow
soft cell,1,soft cell
somethin smith & the redheads,1,somethin smith & the redheads
son by four,1,son by four
sunny & the sunliners,1,sunny & the sunliners
sunshine anderson,1,sunshine anderson
surf mesa,1,surf mesa
surfaces,1,surfaces
suzanne vega,1,suzanne vega
swedish house mafia,1,swedish house mafia
sweet sensation,1,sweet sensation
swing out sister,1,swing out sister
steve holy,1,steve holy
steve perry,1,steve perry
stonewall jackson,1,stonewall jackson
stories,1,stories
strawberry alarm clock,1,strawberry alarm clock
subway,1,subway
sugarland,1,sugarland
summer walker,1,summer walker
starland vocal band,1,starland vocal band
starpoint,1,starpoint
stars on 45,1,stars on 45
status quo,1,status quo
staysolidrocky,1,staysolidrocky
stealers wheel,1,stealers wheel
stephen sanchez,1,stephen sanchez
steve forbert,1,steve forbert
chris rea,1,chris rea
chris young,1,chris young
christie,1,christie
christina milian,1,christina milian
christine mcvie,1,christine mcvie
chuck mangione,1,chuck mangione
citizen king,1,citizen king
city girls,1,city girls
charli baltimore,1,charli baltimore
charli xcx,1,charli xcx
charlie dore,1,charlie dore
charlie gracie,1,charlie gracie
charlotte plank,1,charlotte plank
cheat codes,1,cheat codes
teddy geiger,1,teddy geiger
teena marie,1,teena marie
chad kroeger,1,chad kroeger
chairmen of the board,1,chairmen of the board
chaka khan,1,chaka khan
chamillionaire,1,chamillionaire
chante moore,1,chante moore
charlene,1,charlene
charles & eddie,1,charles & eddie
charley pride,1,charley pride
tatyana ali,1,tatyana ali
taylor hicks,1,taylor hicks
cassidy,1,cassidy
cassie,1,cassie
cathy carr,1,cathy carr
ceelo green,1,ceelo green
chad & jeremy,1,chad & jeremy
chad brock,1,chad brock
switchfoot,1,switchfoot
sylk e fyne,1,sylk e fyne
sylvia,1,sylvia
t rex,1,t rex
tab hunter,1,tab hunter
taco,1,taco
tal bachman,1,tal bachman
tamia,1,tamia
carl dobkins jr,1,carl dobkins jr
carl douglas,1,carl douglas
carl perkins,1,carl perkins
carl thomas,1,carl thomas
carly pearce,1,carly pearce
carly rae jepsen,1,carly rae jepsen
carol douglas,1,carol douglas
carolina gaitan  la gaita,1,carolina gaitan  la gaita
calboy,1,calboy
cali swag district,1,cali swag district
calloway,1,calloway
cameo,1,cameo
candi staton,1,candi staton
capital cities,1,capital cities
captain hollywood project,1,captain hollywood project
carl anderson,1,carl anderson
the 8th day,1,the 8th day
the ad libs,1,the ad libs
the angels,1,the angels
the anxiety,1,the anxiety
the archies,1,the archies
the babys,1,the babys
bw stevenson,1,bw stevenson
cah out,1,cah out
teeset,1,teeset
teri desario,1,teri desario
terri gibbs,1,terri gibbs
terror squad,1,terror squad
terry gilkyson & the easy riders,1,terry gilkyson & the easy riders
terry jacks,1,terry jacks
terry stafford,1,terry stafford
thalia,1,thalia
brock,1,brock
brook benton and dinah washington,1,brook benton and dinah washington
brooke valentine,1,brooke valentine
brooklyn bridge,1,brooklyn bridge
brotherhood of man,1,brotherhood of man
brownstone,1,brownstone
brownsville station,1,brownsville station
brs kash,1,brs kash
the calling,1,the calling
the capitols,1,the capitols
the capris,1,the capris
the cascades,1,the cascades
the casinos,1,the casinos
the chakachas,1,the chakachas
the chambers brothers,1,the chambers brothers
brick,1,brick
the bells,1,the bells
the blackbyrds,1,the blackbyrds
the blackout allstars,1,the blackout allstars
the blues magoos,1,the blues magoos
the bobby fuller four,1,the bobby fuller four
the brothers four,1,the brothers four
the buoys,1,the buoys
the byrds,1,the byrds
cascada,1,cascada
cass elliot,1,cass elliot
the bachelors,1,the bachelors
the barkays,1,the barkays
the beginning of the end,1,the beginning of the end
the bell notes,1,the bell notes
the bell sisters,1,the bell sisters
the bellamy brothers,1,the bellamy brothers
the dawn,1,the dawn
the decastro sisters,1,the decastro sisters
the delvikings,1,the delvikings
the diplomats,1,the diplomats
the dixie cups,1,the dixie cups
the dream academy,1,the dream academy
the duprees,1,the duprees
the easybeats,1,the easybeats
the cookies,1,the cookies
the corsairs,1,the corsairs
the crazy world of arthur brown,1,the crazy world of arthur brown
the crescendos,1,the crescendos
the crew cuts,1,the crew cuts
the cuff links,1,the cuff links
the cyrkle,1,the cyrkle
the dartells,1,the dartells
buffalo springfield,1,buffalo springfield
burton cummings,1,burton cummings
buzz clifford,1,buzz clifford
the champs,1,the champs
the chantays,1,the chantays
the chilites,1,the chilites
the clash,1,the clash
the click five,1,the click five
bruce channel,1,bruce channel
bruce willis,1,bruce willis
bubba sparxxx,1,bubba sparxxx
buchanan & goodman,1,buchanan & goodman
buckcherry,1,buckcherry
buckner & garcia,1,buckner & garcia
buddy holly,1,buddy holly
buddy knox,1,buddy knox
brenda and the tabulations,1,brenda and the tabulations
brenda k starr,1,brenda k starr
brenda russell,1,brenda russell
brenton wood,1,brenton wood
brewer & shipley,1,brewer & shipley
the four knights,1,the four knights
the free movement,1,the free movement
the fun surfers,1,the fun surfers
bonnie pointer,1,bonnie pointer
boy krazy,1,boy krazy
boy meets girl,1,boy meets girl
boys club band,1,boys club band
brandon lake,1,brandon lake
brantley gilbert,1,brantley gilbert
bravehearts,1,bravehearts
breakfast club,1,breakfast club
the fendermen,1,the fendermen
the fiestas,1,the fiestas
the fireballs,1,the fireballs
the five americans,1,the five americans
the five stairsteps,1,the five stairsteps
the flamingos,1,the flamingos
the floaters,1,the floaters
bodeans,1,bodeans
the echoes,1,the echoes
the edwin hawkins singers,1,the edwin hawkins singers
the electric prunes,1,the electric prunes
the elegants,1,the elegants
the emotions,1,the emotions
the esquires,1,the esquires
the essex,1,the essex
the falcons,1,the falcons
bobby hebb,1,bobby hebb
bobby mcferrin,1,bobby mcferrin
bobby shmurda,1,bobby shmurda
bobby v,1,bobby v
bobby womack,1,bobby womack
the intruders,1,the intruders
the irish rovers,1,the irish rovers
the jaggerz,1,the jaggerz
bob luman,1,bob luman
bob moore,1,bob moore
bobbi martin,1,bobbi martin
bobbie gentry,1,bobbie gentry
bobby bare,1,bobby bare
bobby boris pickett & the cryptkickers,1,bobby boris pickett & the cryptkickers
bobby caldwell,1,bobby caldwell
bobby day,1,bobby day
the human beinz,1,the human beinz
the ides of march,1,the ides of march
the ikettes,1,the ikettes
the impalas,1,the impalas
blueface,1,blueface
blues image,1,blues image
bo donaldson & the heywoods,1,bo donaldson & the heywoods
bob lind,1,bob lind
the fuzz,1,the fuzz
the georgia satellites,1,the georgia satellites
the hillside singers,1,the hillside singers
the hollywood argyles,1,the hollywood argyles
the hombres,1,the hombres
the hondells,1,the hondells
the honeycombs,1,the honeycombs
the honeydrippers,1,the honeydrippers
blink182,1,blink182
blocboy jb,1,blocboy jb
bloodstone,1,bloodstone
blu cantrell,1,blu cantrell
blue cheer,1,blue cheer
blue magic,1,blue magic
blue october,1,blue october
blue swede,1,blue swede
billy ray cyrus,1,billy ray cyrus
billy swan,1,billy swan
billy vera & the beaters,1,billy vera & the beaters
billy williams,1,billy williams
biz markie,1,biz markie
bizarrap,1,bizarrap
blanco brown,1,blanco brown
blessid union of souls,1,blessid union of souls
the lemon pipers,1,the lemon pipers
the little dippers,1,the little dippers
the love unlimited orchestra,1,the love unlimited orchestra
the lox,1,the lox
the majorlancs,1,the majorlancs
the manhattan transfer,1,the manhattan transfer
billy may,1,billy may
billy paul,1,billy paul
the jaynetts,1,the jaynetts
the jeff healey band,1,the jeff healey band
the jelly beans,1,the jelly beans
the jimmy castor bunch,1,the jimmy castor bunch
the jive five,1,the jive five
the killers,1,the killers
the knack,1,the knack
the left banke,1,the left banke
the rebels,1,the rebels
the red jumpsuit apparatus,1,the red jumpsuit apparatus
the reflections,1,the reflections
the rip chords,1,the rip chords
the romantics,1,the romantics
the ronettes,1,the ronettes
the rooftop singers,1,the rooftop singers
the royal guardsmen,1,the royal guardsmen
the paris sisters,1,the paris sisters
the penguins,1,the penguins
the pipkins,1,the pipkins
the poppy family,1,the poppy family
the power station,1,the power station
the proclaimers,1,the proclaimers
the randells,1,the randells
the ray charles singers,1,the ray charles singers
the motels,1,the motels
the neighbourhood,1,the neighbourhood
the newbeats,1,the newbeats
the oak ridge boys,1,the oak ridge boys
the okaysions,1,the okaysions
the outfield,1,the outfield
the outsiders,1,the outsiders
the ozark mountain daredevils,1,the ozark mountain daredevils
the marcels,1,the marcels
the marias,1,the marias
the marketts,1,the marketts
the markeys,1,the markeys
the marshall tucker band,1,the marshall tucker band
the mccoys,1,the mccoys
the mindbenders,1,the mindbenders
the moments,1,the moments
billie myers,1,billie myers
billy bland,1,billy bland
billy currington,1,billy currington
billy grammer,1,billy grammer
billy joe & the checkmates,1,billy joe & the checkmates
billy joe royal,1,billy joe royal
the silhouettes,1,the silhouettes
the skyliners,1,the skyliners
bill conti,1,bill conti
bill cosby,1,bill cosby
bill doggett,1,bill doggett
bill hayes,1,bill hayes
bill medley,1,bill medley
bill parsons,1,bill parsons
bill pursell,1,bill pursell
bill snyder,1,bill snyder
beverly bremers,1,beverly bremers
big brother & the holding company,1,big brother & the holding company
big mountain,1,big mountain
big pun,1,big pun
big tymers,1,big tymers
bigxthaplug,1,bigxthaplug
bill anderson,1,bill anderson
bill blacks combo,1,bill blacks combo
the royal teens,1,the royal teens
the safaris,1,the safaris
the scotts,1,the scotts
the sensations,1,the sensations
the serendipity singers,1,the serendipity singers
the shadows of knight,1,the shadows of knight
betty everett,1,betty everett
betty wright,1,betty wright
bazuka,1,bazuka
bb king,1,bb king
bbmak,1,bbmak
beastie boys,1,beastie boys
bebe rexha,1,bebe rexha
beck,1,beck
beenie man,1,beenie man
benee,1,benee
the trashmen,1,the trashmen
the tubes,1,the tubes
barenaked ladies,1,barenaked ladies
barrett strong,1,barrett strong
barry manilow karaoke,1,barry manilow karaoke
barry mann,1,barry mann
barry mcguire,1,barry mcguire
bastille,1,bastille
the sweet inspirations,1,the sweet inspirations
the system,1,the system
the tams,1,the tams
the tbones,1,the tbones
the teddy bears,1,the teddy bears
the three degrees,1,the three degrees
the tony rich project,1,the tony rich project
the trammps,1,the trammps
the smashing pumpkins,1,the smashing pumpkins
the sos band,1,the sos band
the soul survivors,1,the soul survivors
the spencer davis group,1,the spencer davis group
the spiral starecase,1,the spiral starecase
the standells,1,the standells
the strangeloves,1,the strangeloves
the stringalongs,1,the stringalongs
baauer,1,baauer
baby boy da prince,1,baby boy da prince
bad meets evil,1,bad meets evil
baltimora,1,baltimora
barbara george,1,barbara george
barbara lynn,1,barbara lynn
barbara mason,1,barbara mason
tierra,1,tierra
thin lizzy,1,thin lizzy
thomas dolby,1,thomas dolby
thomas wayne,1,thomas wayne
thompson square,1,thompson square
audioslave,1,audioslave
awolnation,1,awolnation
ayo & teo,1,ayo & teo
az,1,az
the verve pipe,1,the verve pipe
the village stompers,1,the village stompers
the virtues,1,the virtues
the wanted,1,the wanted
the whispers,1,the whispers
the winstons,1,the winstons
the youngbloods,1,the youngbloods
thelma houston,1,thelma houston
benny mardones,1,benny mardones
bent fabric,1,bent fabric
berlin,1,berlin
bertie higgins,1,bertie higgins
better than ezra,1,better than ezra
the undisputed truth,1,the undisputed truth
the veronicas,1,the veronicas
the verve,1,the verve
anton karas,1,anton karas
apollo 100,1,apollo 100
aqua,1,aqua
arcadia,1,arcadia
archie bell & the drells,1,archie bell & the drells
archie bleyer,1,archie bleyer
argent,1,argent
arizona zervas,1,arizona zervas
tommy richman,1,tommy richman
tommy tucker,1,tommy tucker
tommy tutone,1,tommy tutone
anita ward,1,anita ward
ann wilson,1,ann wilson
anna kendrick,1,anna kendrick
annie lennox,1,annie lennox
another bad creation,1,another bad creation
toby beau,1,toby beau
tom cochrane,1,tom cochrane
tom t hall,1,tom t hall
tommy boyce,1,tommy boyce
tommy dee,1,tommy dee
tommy dorsey orchestra,1,tommy dorsey orchestra
tommy edwards,1,tommy edwards
tommy page,1,tommy page
til tuesday,1,til tuesday
timex social club,1,timex social club
timi yuro,1,timi yuro
timmy t,1,timmy t
timmy thomas,1,timmy thomas
tinashe,1,tinashe
tinie tempah,1,tinie tempah
toad the wet sprocket,1,toad the wet sprocket
travis & bob,1,travis & bob
travis tritt,1,travis tritt
trevor daniel,1,trevor daniel
trillville featuring cutty,1,trillville featuring cutty
trini lopez,1,trini lopez
troy shondell,1,troy shondell
truth hurts,1,truth hurts
tucker wetmore,1,tucker wetmore
tower of power,1,tower of power
tpau,1,tpau
tq,1,tq
trace adkins,1,trace adkins
tracey ullman,1,tracey ullman
tracie spencer,1,tracie spencer
trapt,1,trapt
travie mccoy,1,travie mccoy
ashford & simpson,1,ashford & simpson
ashlee simpson,1,ashlee simpson
tones and i,1,tones and i
toni basil,1,toni basil
toni fisher,1,toni fisher
tony joe white,1,tony joe white
tony orlando,1,tony orlando
toosii,1,toosii
arlo guthrie,1,arlo guthrie
art mooney,1,art mooney
artemas,1,artemas
arthur conley,1,arthur conley
arthur godfrey,1,arthur godfrey
arthur lyman,1,arthur lyman
artist,1,artist
asher roth,1,asher roth
amii stewart,1,amii stewart
amine,1,amine
andrea true connection,1,andrea true connection
andrew gold,1,andrew gold
andy grammer,1,andy grammer
angie martinez,1,angie martinez
animotion,1,animotion
vanessa williams & brian mcknight,1,vanessa williams & brian mcknight
aloe blacc,1,aloe blacc
amanda perez,1,amanda perez
amazing rhythm aces,1,amazing rhythm aces
amber,1,amber
ame lorain,1,ame lorain
american authors,1,american authors
american breed,1,american breed
amerie,1,amerie
vance joy,1,vance joy
vanessa carlton,1,vanessa carlton
alex warren,1,alex warren
alice deejay,1,alice deejay
alive n kickin,1,alive n kickin
all saints,1,all saints
allan sherman,1,allan sherman
allman brothers band,1,allman brothers band
twayne,1,twayne
tweet,1,tweet
tyla,1,tyla
uncle sam,1,uncle sam
us3,1,us3
usa for africa,1,usa for africa
van mccoy & the soul city symphony,1,van mccoy & the soul city symphony
van morrison,1,van morrison
wing and a prayer fife and drum corps,1,wing and a prayer fife and drum corps
winger,1,winger
wink martindale,1,wink martindale
wreckxneffect,1,wreckxneffect
2 pistols,1,2 pistols
10000 maniacs,1,10000 maniacs
100 proof aged in soul,1,100 proof aged in soul
4 non blondes,1,4 non blondes
white town,1,white town
wilbert harrison,1,wilbert harrison
wild cherry,1,wild cherry
willa ford,1,willa ford
william devaughn,1,william devaughn
william steffe,1,william steffe
willie mitchell,1,willie mitchell
willie nelson,1,willie nelson
alex clare,1,alex clare
wayne wonder,1,wayne wonder
we five,1,we five
weezer,1,weezer
westlife,1,westlife
wet willie,1,wet willie
when in rome,1,when in rome
white plains,1,white plains
ahmad lewis,1,ahmad lewis
ajr,1,ajr
al b sure,1,al b sure
al hibbler,1,al hibbler
al wilson,1,al wilson
alan oday,1,alan oday
alannah myles,1,alannah myles
albert hammond,1,albert hammond
zager & evans,1,zager & evans
zara larsson,1,zara larsson
zay hilfigerrr,1,zay hilfigerrr
johnny bristol,1,johnny bristol
johnny burnette,1,johnny burnette
johnny crawford,1,johnny crawford
johnny desmond,1,johnny desmond
johnny gill,1,johnny gill
young dro,1,young dro
young gunz,1,young gunz
young mc,1,young mc
young nudy,1,young nudy
youngboy never broke again,1,youngboy never broke again
yung bleu,1,yung bleu
yvonne elliman,1,yvonne elliman
zach top,1,zach top
ace,1,ace
ace cannon,1,ace cannon
ace frehley,1,ace frehley
xavi,1,xavi
yfn lucci,1,yfn lucci
yk osiris,1,yk osiris
ylvis,1,ylvis
yng lvcas,1,yng lvcas
4 pm,1,4 pm
4batz,1,4batz
95 south,1,95 south
a flock of seagulls,1,a flock of seagulls
a great big world,1,a great big world
aap ferg,1,aap ferg
aap rocky,1,aap rocky
aaron hall,1,aaron hall
