artista,ano_inicio_hiato,ano_reentrada,duracao,evento,perene_sazonal
10cc,1975,1977.0,1,1,False
10cc,1977,,48,0,False
112,1997,1999.0,1,1,False
112,1999,2001.0,1,1,False
112,2001,2005.0,3,1,False
112,2005,,20,0,False
1910 Fruitgum Company,1969,,56,0,False
2 Chainz,2013,,12,0,False
21 Savage,2017,2019.0,1,1,False
21 Savage,2019,2024.0,4,1,False
21 Savage,2024,,1,0,False
24kGoldn,2021,,4,0,False
2Pac,1996,1998.0,1,1,False
2Pac,1998,2003.0,4,1,False
2Pac,2003,,22,0,False
3 Doors Down,2001,2003.0,1,1,False
3 Doors Down,2005,2008.0,2,1,False
3 Doors Down,2008,,17,0,False
38 Special,1982,1989.0,6,1,False
38 Special,1989,,36,0,False
3OH!3,2010,,15,0,False
5 Seconds of Summer,2014,2018.0,3,1,False
5 Seconds of Summer,2019,,6,0,False
50 Cent,2003,2005.0,1,1,False
50 Cent,2005,2007.0,1,1,False
50 Cent,2007,,18,0,False
69 Boyz,1995,,30,0,False
702,1997,1999.0,1,1,False
702,1999,,26,0,False
98º,2000,,25,0,False
A Boogie Wit da Hoodie,2017,2019.0,1,1,False
A Boogie Wit da Hoodie,2019,,6,0,False
A Taste Of Honey,1978,1981.0,2,1,False
A Taste Of Honey,1981,,44,0,False
Aaliyah,1994,1996.0,1,1,False
Aaliyah,1998,2000.0,1,1,False
Aaliyah,2000,2002.0,1,1,False
Aaliyah,2003,,22,0,False
Aaron Neville,1967,1991.0,23,1,False
Aaron Neville,1991,,34,0,False
ABBA,1974,1977.0,2,1,False
ABBA,1978,1981.0,2,1,False
ABBA,1981,,44,0,False
ABC,1985,1987.0,1,1,False
ABC,1987,,38,0,False
Ace of Base,1994,1996.0,1,1,False
Ace of Base,1996,1998.0,1,1,False
Ace of Base,1998,,27,0,False
Adele,2012,2015.0,2,1,False
Adele,2017,2022.0,4,1,False
Adele,2022,,3,0,False
Aerosmith,1977,1988.0,10,1,False
Aerosmith,1990,1993.0,2,1,False
Aerosmith,1994,1998.0,3,1,False
Aerosmith,1998,2001.0,2,1,False
Aerosmith,2001,,24,0,False
After 7,1990,1995.0,4,1,False
After 7,1995,,30,0,False
Air Supply,1983,,42,0,False
Akon,2007,2009.0,1,1,False
Akon,2009,,16,0,False
Al Green,1973,1975.0,1,1,False
Al Green,1975,,50,0,False
Al Martino,1952,1963.0,10,1,False
Al Martino,1964,,61,0,False
Al Stewart,1977,1979.0,1,1,False
Al Stewart,1979,,46,0,False
Alabama,1982,1999.0,16,1,False
Alabama,1999,,26,0,False
Alan Jackson,2004,,21,0,False
Alanis Morissette,1996,2002.0,5,1,False
Alanis Morissette,2002,,23,0,False
Alessia Cara,2017,,8,0,False
Alice Cooper,1972,1975.0,2,1,False
Alice Cooper,1975,1977.0,1,1,False
Alice Cooper,1977,1979.0,1,1,False
Alice Cooper,1979,1989.0,9,1,False
Alice Cooper,1989,,36,0,False
Alicia Bridges,1979,,46,0,False
Alicia Keys,2002,2004.0,1,1,False
Alicia Keys,2005,2007.0,1,1,False
Alicia Keys,2008,2010.0,1,1,False
Alicia Keys,2010,2013.0,2,1,False
Alicia Keys,2013,,12,0,False
All-4-One,1995,,30,0,False
Allure,1998,,27,0,False
Ambrosia,1980,,45,0,False
America,1972,1975.0,2,1,False
America,1975,1982.0,6,1,False
America,1982,,43,0,False
Amy Grant,1992,,33,0,False
Andy Gibb,1981,,44,0,False
Andy Kim,1969,1974.0,4,1,False
Andy Kim,1974,,51,0,False
Andy Williams,1960,1963.0,2,1,False
Andy Williams,1964,1971.0,6,1,False
Andy Williams,1971,,54,0,False
Anita Baker,1986,1989.0,2,1,False
Anita Baker,1989,,36,0,False
Anne Murray,1970,1973.0,2,1,False
Anne Murray,1974,1978.0,3,1,False
Anne Murray,1980,,45,0,False
Annette Funicello,1960,,65,0,False
Aretha Franklin,1968,1970.0,1,1,False
Aretha Franklin,1972,1974.0,1,1,False
Aretha Franklin,1974,1985.0,10,1,False
Aretha Franklin,1985,1987.0,1,1,False
Aretha Franklin,1987,1998.0,10,1,False
Aretha Franklin,1998,,27,0,False
Ariana Grande,2021,2024.0,2,1,False
Ariana Grande,2024,,1,0,False
Arrested Development,1993,,32,0,False
Ashanti,2003,,22,0,False
Asia,1983,,42,0,False
Atlanta Rhythm Section,1978,,47,0,False
Atlantic Starr,1987,1992.0,4,1,False
Atlantic Starr,1992,,33,0,False
Ava Max,2019,2021.0,1,1,False
Ava Max,2021,,4,0,False
Avant,2000,2004.0,3,1,False
Avant,2004,,21,0,False
Avicii,2014,,11,0,False
Avril Lavigne,2004,2007.0,2,1,False
Avril Lavigne,2007,2011.0,3,1,False
Avril Lavigne,2011,,14,0,False
Az Yet,1997,,28,0,False
B2K,2003,,22,0,False
Baby Bash,2005,2007.0,1,1,False
Baby Bash,2008,,17,0,False
Babyface,1990,1994.0,3,1,False
Babyface,1994,1997.0,2,1,False
Babyface,1997,,28,0,False
Bachman-Turner Overdrive,1975,,50,0,False
Backstreet Boys,2000,2005.0,4,1,False
Backstreet Boys,2005,,20,0,False
Bad Bunny,2019,2021.0,1,1,False
Bad Company,1975,1979.0,3,1,False
Bad Company,1979,,46,0,False
Bad English,1990,,35,0,False
Badfinger,1970,1972.0,1,1,False
Badfinger,1972,,53,0,False
Bananarama,1984,1986.0,1,1,False
Bananarama,1987,,38,0,False
Barbara Lewis,1963,1965.0,1,1,False
Barbara Lewis,1965,,60,0,False
Barbra Streisand,1964,1974.0,9,1,False
Barbra Streisand,1974,1977.0,2,1,False
Barbra Streisand,1977,1979.0,1,1,False
Barbra Streisand,1982,1997.0,14,1,False
Barbra Streisand,1997,,28,0,False
Barry Manilow,1981,,44,0,False
Barry White,1975,,50,0,False
Bay City Rollers,1977,,48,0,False
Bazzi,2019,,6,0,False
Becky G,2014,2022.0,7,1,False
Becky G,2022,,3,0,False
Bee Gees,1968,1971.0,2,1,False
Bee Gees,1971,1975.0,3,1,False
Bee Gees,1979,,46,0,False
Belinda Carlisle,1986,1988.0,1,1,False
Belinda Carlisle,1988,,37,0,False
Ben E. King,1961,1987.0,25,1,False
Ben E. King,1987,,38,0,False
benny blanco,2019,,6,0,False
Bert Kaempfert,1961,1965.0,3,1,False
Bert Kaempfert,1965,,60,0,False
Bette Midler,1973,1980.0,6,1,False
Bette Midler,1980,1989.0,8,1,False
Bette Midler,1989,1991.0,1,1,False
Bette Midler,1991,,34,0,False
Beyoncé,2004,2006.0,1,1,False
Beyoncé,2007,2009.0,1,1,False
Beyoncé,2011,2014.0,2,1,False
Beyoncé,2016,2022.0,5,1,False
Beyoncé,2024,,1,0,False
Big Sean,2012,2015.0,2,1,False
Big Sean,2015,2017.0,1,1,False
Big Sean,2017,,8,0,False
Bill Haley & His Comets,1956,,69,0,False
Bill Withers,1972,,53,0,False
Billie Eilish,2021,2023.0,1,1,False
Billy Idol,1982,1984.0,1,1,False
Billy Idol,1984,1987.0,2,1,False
Billy Idol,1987,1990.0,2,1,False
Billy Idol,1990,,35,0,False
Billy Joel,1980,1983.0,2,1,False
Billy Joel,1984,1990.0,5,1,False
Billy Joel,1990,1993.0,2,1,False
Billy Joel,1993,,32,0,False
Billy Ocean,1986,1988.0,1,1,False
Billy Ocean,1988,,37,0,False
Billy Preston,1974,1980.0,5,1,False
Billy Preston,1980,,45,0,False
Billy Squier,1981,1984.0,2,1,False
Billy Squier,1984,,41,0,False
Billy Vaughn,1955,1958.0,2,1,False
Billy Vaughn,1958,1962.0,3,1,False
Billy Vaughn,1962,,63,0,False
Bing Crosby,1950,1953.0,2,1,False
Bing Crosby,1953,,72,0,False
B.J. Thomas,1966,1969.0,2,1,False
B.J. Thomas,1970,1975.0,4,1,False
B.J. Thomas,1975,1977.0,1,1,False
B.J. Thomas,1977,,48,0,False
Black Box,1991,,34,0,False
Black Eyed Peas,2006,2009.0,2,1,False
Black Eyed Peas,2011,2020.0,8,1,False
Black Eyed Peas,2020,,5,0,False
blackbear,2017,2020.0,2,1,False
blackbear,2020,,5,0,False
Blackstreet,1997,1999.0,1,1,False
Blackstreet,1999,,26,0,False
Blake Shelton,2001,2011.0,9,1,False
Blake Shelton,2011,2013.0,1,1,False
Blake Shelton,2013,2019.0,5,1,False
Blake Shelton,2020,,5,0,False
Blaque,2000,,25,0,False
Blondie,1981,,44,0,False
Blues Traveler,1996,,29,0,False
B.o.B,2010,2012.0,1,1,False
B.o.B,2012,,13,0,False
Bob Dylan,1966,1969.0,2,1,False
Bob Dylan,1969,,56,0,False
Bob Seger,1969,1977.0,7,1,False
Bob Seger,1980,1983.0,2,1,False
Bob Seger,1983,1987.0,3,1,False
Bob Seger,1987,,38,0,False
Bobby Brown,1989,1992.0,2,1,False
Bobby Brown,1993,,32,0,False
Bobby Darin,1963,1966.0,2,1,False
Bobby Darin,1966,,59,0,False
Bobby Freeman,1958,1964.0,5,1,False
Bobby Freeman,1964,,61,0,False
Bobby Goldsboro,1965,1968.0,2,1,False
Bobby Goldsboro,1968,1971.0,2,1,False
Bobby Goldsboro,1971,,54,0,False
Bobby Rydell,1962,,63,0,False
Bobby Sherman,1970,,55,0,False
Bobby Vee,1961,1963.0,1,1,False
Bobby Vee,1963,1967.0,3,1,False
Bobby Vee,1967,,58,0,False
Bobby Vinton,1964,1967.0,2,1,False
Bobby Vinton,1967,1972.0,4,1,False
Bobby Vinton,1972,,53,0,False
Bon Jovi,1989,1993.0,3,1,False
Bon Jovi,1995,2006.0,10,1,False
Bon Jovi,2006,,19,0,False
Bone Thugs-N-Harmony,1997,1999.0,1,1,False
Bone Thugs-N-Harmony,1999,2007.0,7,1,False
Bone Thugs-N-Harmony,2007,,18,0,False
Bonnie Raitt,1992,1994.0,1,1,False
Bonnie Raitt,1994,,31,0,False
Bonnie Tyler,1978,1983.0,4,1,False
Bonnie Tyler,1983,,42,0,False
Booker T. & the M.G.'s,1962,1967.0,4,1,False
Booker T. & the M.G.'s,1967,1969.0,1,1,False
Booker T. & the M.G.'s,1969,,56,0,False
Boston,1978,1986.0,7,1,False
Boston,1986,,39,0,False
Bow Wow,2000,2005.0,4,1,False
Bow Wow,2005,2007.0,1,1,False
Bow Wow,2007,,18,0,False
BOYS LIKE GIRLS,2007,2009.0,1,1,False
BOYS LIKE GIRLS,2010,,15,0,False
Boyz II Men,1995,1997.0,1,1,False
Boyz II Men,1998,,27,0,False
Boz Scaggs,1977,1980.0,2,1,False
Boz Scaggs,1981,,44,0,False
Brad Paisley,2009,2011.0,1,1,False
Brad Paisley,2011,,14,0,False
Brandy,1996,1998.0,1,1,False
Brandy,1999,2002.0,2,1,False
Brandy,2002,,23,0,False
Bread,1972,1977.0,4,1,False
Bread,1977,,48,0,False
Breathe,1989,,36,0,False
Brenda Lee,1963,1965.0,1,1,True
Brenda Lee,1965,2021.0,55,1,True
Brett Young,2018,,7,0,False
Brian Hyland,1960,1962.0,1,1,False
Brian Hyland,1962,,63,0,False
Brian McKnight,1993,1997.0,3,1,False
Brian McKnight,1997,1999.0,1,1,False
Brian McKnight,2000,,25,0,False
Britney Spears,2000,2004.0,3,1,False
Britney Spears,2004,2008.0,3,1,False
Britney Spears,2011,,14,0,False
Brook Benton,1961,1970.0,8,1,False
Brook Benton,1970,,55,0,False
Brooks & Dunn,2001,2003.0,1,1,False
Brooks & Dunn,2003,,22,0,False
Bruce Hornsby and the Range,1988,,37,0,False
Bruce Springsteen,1981,1984.0,2,1,False
Bruce Springsteen,1985,1987.0,1,1,False
Bruce Springsteen,1987,1994.0,6,1,False
Bruce Springsteen,1994,1997.0,2,1,False
Bruce Springsteen,1997,,28,0,False
Bruno Mars,2013,2017.0,3,1,False
Bruno Mars,2018,2021.0,2,1,False
Bruno Mars,2022,,3,0,False
Bryan Adams,1983,1985.0,1,1,False
Bryan Adams,1985,1987.0,1,1,False
Bryan Adams,1987,1991.0,3,1,False
Bryan Adams,1992,1994.0,1,1,False
Bryan Adams,1995,,30,0,False
Bryson Tiller,2016,2024.0,7,1,False
Bryson Tiller,2024,,1,0,False
BTS,2021,,4,0,False
Burl Ives,1962,2022.0,59,1,True
Burl Ives,2024,,1,0,True
Busta Rhymes,1996,1998.0,1,1,False
Busta Rhymes,1999,2002.0,2,1,False
Busta Rhymes,2003,2006.0,2,1,False
Busta Rhymes,2006,,19,0,False
Calvin Harris,2018,,7,0,False
Camila Cabello,2018,2020.0,1,1,False
Camila Cabello,2020,2022.0,1,1,False
Camila Cabello,2022,,3,0,False
Captain & Tennille,1977,1980.0,2,1,False
Captain & Tennille,1980,,45,0,False
Cardi B,2021,,4,0,False
Carla Thomas,1961,1966.0,4,1,False
Carla Thomas,1966,,59,0,False
Carly Simon,1974,1977.0,2,1,False
Carly Simon,1978,,47,0,False
Carole King,1971,1980.0,8,1,False
Carole King,1980,,45,0,False
Carpenters,1975,,50,0,False
Carrie Underwood,2007,2010.0,2,1,False
Carrie Underwood,2010,2012.0,1,1,False
Carrie Underwood,2012,,13,0,False
Case,1996,1999.0,2,1,False
Case,1999,2001.0,1,1,False
Case,2001,,24,0,False
Céline Dion,1992,1994.0,1,1,False
Céline Dion,1994,1996.0,1,1,False
Céline Dion,1998,2000.0,1,1,False
Céline Dion,2000,2002.0,1,1,False
Céline Dion,2002,,23,0,False
Champaign,1981,1983.0,1,1,False
Champaign,1983,,42,0,False
Changing Faces,1994,1997.0,2,1,False
Changing Faces,1997,,28,0,False
Charles Wright & The Watts 103rd Street Rhythm Band,1970,,55,0,False
Charlie Puth,2018,,7,0,False
Charlie Rich,1960,1973.0,12,1,False
Charlie Rich,1974,,51,0,False
Chase Rice,2019,2021.0,1,1,False
Chase Rice,2021,,4,0,False
Cheap Trick,1979,1988.0,8,1,False
Cheap Trick,1988,,37,0,False
Cher,1966,1971.0,4,1,False
Cher,1974,1979.0,4,1,False
Cher,1979,1988.0,8,1,False
Cher,1990,1999.0,8,1,False
Cher,1999,,26,0,False
CHIC,1979,,46,0,False
Chicago,1974,1976.0,1,1,False
Chicago,1976,1982.0,5,1,False
Chicago,1982,1984.0,1,1,False
Chicago,1985,1987.0,1,1,False
Chicago,1990,,35,0,False
Childish Gambino,2018,,7,0,False
Chingy,2004,2006.0,1,1,False
Chingy,2006,,19,0,False
Chris Brown,2008,2010.0,1,1,False
Chris Brown,2012,2014.0,1,1,False
Chris Brown,2016,2019.0,2,1,False
Chris Brown,2021,2023.0,1,1,False
Chris Brown,2023,2025.0,1,1,False
Chris Montez,1962,1966.0,3,1,False
Chris Montez,1966,,59,0,False
Chris Stapleton,2022,2024.0,1,1,False
Chris Stapleton,2024,,1,0,False
Christina Aguilera,2001,2003.0,1,1,False
Christina Aguilera,2003,2006.0,2,1,False
Christina Aguilera,2006,,19,0,False
Christina Perri,2012,,13,0,False
Christopher Cross,1984,,41,0,False
Chubby Checker,1963,,62,0,False
Chuck Berry,1955,1958.0,2,1,False
Chuck Berry,1958,1972.0,13,1,False
Chuck Berry,1972,,53,0,False
Chumbawamba,1998,,27,0,False
Ciara,2007,2013.0,5,1,False
Ciara,2013,,12,0,False
City High,2002,,23,0,False
Clarence Carter,1968,1970.0,1,1,False
Clarence Carter,1970,,55,0,False
Classics IV,1969,,56,0,False
Clean Bandit,2014,2017.0,2,1,False
Clean Bandit,2017,,8,0,False
Cliff Richard,1976,1980.0,3,1,False
Cliff Richard,1981,,44,0,False
Climax Blues Band,1977,1981.0,3,1,False
Climax Blues Band,1981,,44,0,False
Clyde McPhatter,1959,1962.0,2,1,False
Clyde McPhatter,1962,,63,0,False
Cobra Starship,2009,2011.0,1,1,False
Cobra Starship,2011,,14,0,False
Cody Johnson,2022,2024.0,1,1,False
Coi Leray,2021,2023.0,1,1,False
Coi Leray,2023,,2,0,False
Colbie Caillat,2009,,16,0,False
Coldplay,2003,2005.0,1,1,False
Coldplay,2005,2008.0,2,1,False
Coldplay,2009,2012.0,2,1,False
Coldplay,2012,2014.0,1,1,False
Coldplay,2014,2016.0,1,1,False
Coldplay,2016,,9,0,False
Cole Swindell,2022,,3,0,False
Collective Soul,1996,,29,0,False
Color Me Badd,1992,1996.0,3,1,False
Color Me Badd,1996,,29,0,False
Commodores,1982,1985.0,2,1,False
Commodores,1985,,40,0,False
Connie Francis,1962,,63,0,False
Connie Stevens,1960,,65,0,False
Conway Twitty,1958,1960.0,1,1,False
Conway Twitty,1960,,65,0,False
Coolio,1997,,28,0,False
Corey Hart,1985,,40,0,False
Cornelius Brothers & Sister Rose,1972,,53,0,False
Craig David,2002,,23,0,False
Creed,2002,,23,0,False
Creedence Clearwater Revival,1970,,55,0,False
"Crosby, Stills & Nash",1977,1982.0,4,1,False
"Crosby, Stills & Nash",1982,,43,0,False
Crystal Waters,1995,,30,0,False
Culture Club,1984,,41,0,False
Curtis Mayfield,1973,,52,0,False
Cyndi Lauper,1987,,38,0,False
Da Brat,1995,2000.0,4,1,False
Da Brat,2000,,25,0,False
DaBaby,2020,,5,0,False
Daddy Yankee,2006,2018.0,11,1,False
Daddy Yankee,2019,,6,0,False
Dan + Shay,2021,,4,0,False
Dan Fogelberg,1982,,43,0,False
Dan Hill,1978,1987.0,8,1,False
Dan Hill,1987,,38,0,False
D'Angelo,1996,,29,0,False
Daniel Bedingfield,2003,,22,0,False
Danity Kane,2006,2008.0,1,1,False
Danity Kane,2008,,17,0,False
Daryl Hall & John Oates,1977,1980.0,2,1,False
Daryl Hall & John Oates,1985,1988.0,2,1,False
Daryl Hall & John Oates,1988,,37,0,False
Daughtry,2010,,15,0,False
"Dave ""Baby"" Cortez",1959,1962.0,2,1,False
"Dave ""Baby"" Cortez",1962,,63,0,False
David Banner,2005,2008.0,2,1,False
David Banner,2008,,17,0,False
David Bowie,1973,1975.0,1,1,False
David Bowie,1976,1983.0,6,1,False
David Bowie,1983,,42,0,False
David Guetta,2012,2015.0,2,1,False
David Guetta,2015,2023.0,7,1,False
David Guetta,2023,,2,0,False
David Lee Roth,1985,1988.0,2,1,False
David Lee Roth,1988,,37,0,False
David Ruffin,1969,1976.0,6,1,False
David Ruffin,1976,,49,0,False
David Seville,1959,,66,0,False
Dean Martin,1954,1956.0,1,1,False
Dean Martin,1956,1958.0,1,1,False
Dean Martin,1958,1964.0,5,1,False
Dean Martin,1964,,61,0,False
DeBarge,1985,,40,0,False
Debbie Gibson,1989,,36,0,False
Debbie Reynolds,1951,1957.0,5,1,False
Debbie Reynolds,1957,,68,0,False
Debelah Morgan,2001,,24,0,False
Deborah Cox,1996,1998.0,1,1,False
Deborah Cox,1999,,26,0,False
Dee Dee Sharp,1963,,62,0,False
Def Leppard,1983,1988.0,4,1,False
Def Leppard,1989,1992.0,2,1,False
Def Leppard,1993,,32,0,False
Del Shannon,1961,1963.0,1,1,False
Del Shannon,1963,1965.0,1,1,False
Del Shannon,1965,,60,0,False
Del Wood,1952,,73,0,False
Demi Lovato,2013,2015.0,1,1,False
Demi Lovato,2015,2017.0,1,1,False
Demi Lovato,2018,,7,0,False
Deniece Williams,1982,1984.0,1,1,False
Deniece Williams,1984,,41,0,False
Destiny's Child,2001,2004.0,2,1,False
Destiny's Child,2005,,20,0,False
Diana Ross,1970,1973.0,2,1,False
Diana Ross,1974,1976.0,1,1,False
Diana Ross,1976,1979.0,2,1,False
Diana Ross,1982,1985.0,2,1,False
Diana Ross,1985,,40,0,False
Diana Ross & The Supremes,1969,,56,0,False
Dickey Lee,1962,1965.0,2,1,False
Dickey Lee,1965,,60,0,False
Diddy,1999,2002.0,2,1,False
Diddy,2002,2007.0,4,1,False
Diddy,2007,,18,0,False
Dido,2001,2004.0,2,1,False
Dido,2004,,21,0,False
Dierks Bentley,2003,2014.0,10,1,False
Dierks Bentley,2014,,11,0,False
DINO,1990,1993.0,2,1,False
DINO,1993,,32,0,False
Dion,1963,,62,0,False
Dion & The Belmonts,1960,1962.0,1,1,False
Dion & The Belmonts,1962,,63,0,False
Dionne Warwick,1964,1966.0,1,1,False
Dionne Warwick,1970,1974.0,3,1,False
Dionne Warwick,1974,1979.0,4,1,False
Dionne Warwick,1980,1983.0,2,1,False
Dionne Warwick,1983,1986.0,2,1,False
Dionne Warwick,1986,,39,0,False
Dire Straits,1979,1985.0,5,1,False
Dire Straits,1986,,39,0,False
Divine,1999,,26,0,False
DJ Jazzy Jeff & The Fresh Prince,1991,1993.0,1,1,False
DJ Jazzy Jeff & The Fresh Prince,1993,,32,0,False
DJ Khaled,2011,2016.0,4,1,False
DJ Khaled,2018,2020.0,1,1,False
DJ Khaled,2021,,4,0,False
DJ Snake,2017,2019.0,1,1,False
DJ Snake,2019,,6,0,False
Doechii,2023,2025.0,1,1,False
Doja Cat,2024,,1,0,False
Dolly Parton,1978,1981.0,2,1,False
Dolly Parton,1981,1984.0,2,1,False
Dolly Parton,1984,,41,0,False
Don Cornell,1952,1954.0,1,1,False
Don Cornell,1955,,70,0,False
Don Gibson,1958,1961.0,2,1,False
Don Gibson,1961,,64,0,False
Don Henley,1983,1985.0,1,1,False
Don Henley,1985,1989.0,3,1,False
Don Henley,1989,,36,0,False
Don McLean,1972,1981.0,8,1,False
Don McLean,1981,,44,0,False
Donna Fargo,1973,,52,0,False
Donna Lewis,1997,,28,0,False
Donna Summer,1976,1978.0,1,1,False
Donna Summer,1980,1982.0,1,1,False
Donna Summer,1983,1989.0,5,1,False
Donna Summer,1989,,36,0,False
Donny & Marie Osmond,1976,,49,0,False
Donny Osmond,1973,1989.0,15,1,False
Donny Osmond,1989,,36,0,False
Donovan,1966,1968.0,1,1,False
Donovan,1969,,56,0,False
Doris Day,1952,1954.0,1,1,False
Doris Day,1956,,69,0,False
Dr. Dre,1993,1995.0,1,1,False
Dr. Dre,1995,2000.0,4,1,False
Dr. Dre,2000,2011.0,10,1,False
Dr. Dre,2011,,14,0,False
Dr. Hook,1973,1976.0,2,1,False
Dr. Hook,1976,1979.0,2,1,False
Dr. Hook,1980,,45,0,False
DRAM,2017,,8,0,False
Dru Hill,1999,,26,0,False
Dua Lipa,2018,2020.0,1,1,False
Dua Lipa,2024,,1,0,False
Duane Eddy,1960,,65,0,False
Duran Duran,1985,1987.0,1,1,False
Duran Duran,1987,1989.0,1,1,False
Duran Duran,1989,1993.0,3,1,False
Duran Duran,1993,,32,0,False
Dusty Springfield,1964,1966.0,1,1,False
Dusty Springfield,1966,,59,0,False
Eagles,1977,1980.0,2,1,False
Eagles,1980,,45,0,False
"Earth, Wind & Fire",1976,1978.0,1,1,False
"Earth, Wind & Fire",1979,1982.0,2,1,False
"Earth, Wind & Fire",1983,,42,0,False
Ed Sheeran,2015,2017.0,1,1,False
Ed Sheeran,2019,2021.0,1,1,False
Ed Sheeran,2023,,2,0,False
Eddie Fisher,1950,1952.0,1,1,False
Eddie Fisher,1955,,70,0,False
Eddie Hodges,1962,,63,0,False
Eddie Kendricks,1975,,50,0,False
Eddie Money,1978,1982.0,3,1,False
Eddie Money,1982,1986.0,3,1,False
Eddie Money,1986,1989.0,2,1,False
Eddie Money,1989,,36,0,False
Eddie Rabbitt,1981,1983.0,1,1,False
Eddie Rabbitt,1983,,42,0,False
Eddy Howard,1952,,73,0,False
Edwin Starr,1970,,55,0,False
Electric Light Orchestra,1979,1981.0,1,1,False
Electric Light Orchestra,1981,,44,0,False
Eli Young Band,2012,,13,0,False
Ella Mai,2019,,6,0,False
Elle King,2016,,9,0,False
Ellie Goulding,2012,2014.0,1,1,False
Ellie Goulding,2016,2019.0,2,1,False
Ellie Goulding,2019,,6,0,False
Elton John,1977,1979.0,1,1,False
Elton John,1980,1982.0,1,1,False
Elton John,1984,1986.0,1,1,False
Elton John,1986,1988.0,1,1,False
Elton John,1988,1992.0,3,1,False
Elton John,1992,1994.0,1,1,False
Elton John,1995,1997.0,1,1,False
Elton John,1998,2022.0,23,1,False
Elton John,2022,,3,0,False
Elvis Presley,1963,1965.0,1,1,False
Elvis Presley,1965,1969.0,3,1,False
Elvis Presley,1970,1972.0,1,1,False
Elvis Presley,1972,1977.0,4,1,False
Elvis Presley,1977,,48,0,False
Eminem,2000,2002.0,1,1,False
Eminem,2006,2009.0,2,1,False
Eminem,2010,2013.0,2,1,False
Eminem,2014,2020.0,5,1,False
Eminem,2020,2024.0,3,1,False
Eminem,2024,,1,0,False
En Vogue,1990,1992.0,1,1,False
En Vogue,1993,1997.0,3,1,False
En Vogue,1997,,28,0,False
Engelbert Humperdinck,1967,1977.0,9,1,False
Engelbert Humperdinck,1977,,48,0,False
England Dan & John Ford Coley,1976,1979.0,2,1,False
England Dan & John Ford Coley,1979,,46,0,False
Enigma,1991,1994.0,2,1,False
Enigma,1994,,31,0,False
Enrique Iglesias,2002,2010.0,7,1,False
Enrique Iglesias,2011,2014.0,2,1,False
Enrique Iglesias,2014,,11,0,False
Eric Carmen,1976,1988.0,11,1,False
Eric Carmen,1988,,37,0,False
Eric Church,2012,2021.0,8,1,False
Eric Church,2021,,4,0,False
Eric Clapton,1974,1978.0,3,1,False
Eric Clapton,1979,1981.0,1,1,False
Eric Clapton,1981,1983.0,1,1,False
Eric Clapton,1983,1992.0,8,1,False
Eric Clapton,1992,1996.0,3,1,False
Eric Clapton,1997,,28,0,False
Erykah Badu,1997,2000.0,2,1,False
Erykah Badu,2000,2003.0,2,1,False
Erykah Badu,2003,,22,0,False
Eurythmics,1985,,40,0,False
Evanescence,2004,2006.0,1,1,False
Evanescence,2006,,19,0,False
Eve,2002,,23,0,False
Exposé,1989,1993.0,3,1,False
Exposé,1993,,32,0,False
Fabolous,2003,2007.0,3,1,False
Fabolous,2007,2009.0,1,1,False
Fabolous,2009,,16,0,False
Faith Evans,1996,1999.0,2,1,False
Faith Evans,1999,2002.0,2,1,False
Faith Evans,2002,,23,0,False
Faith Hill,1998,2000.0,1,1,False
Faith Hill,2001,2005.0,3,1,False
Faith Hill,2005,,20,0,False
Fall Out Boy,2007,2013.0,5,1,False
Fall Out Boy,2013,2015.0,1,1,False
Fall Out Boy,2015,,10,0,False
Far East Movement,2011,,14,0,False
Fat Joe,2002,2005.0,2,1,False
Fat Joe,2005,2007.0,1,1,False
Fat Joe,2007,2016.0,8,1,False
Fat Joe,2016,,9,0,False
Fats Domino,1957,1959.0,1,1,False
Fats Domino,1961,,64,0,False
Fergie,2008,,17,0,False
Ferlin Husky,1957,1961.0,3,1,False
Ferlin Husky,1961,,64,0,False
Ferrante & Teicher,1961,,64,0,False
Fetty Wap,2016,,9,0,False
Field Mob,2003,2006.0,2,1,False
Field Mob,2006,,19,0,False
Fifth Harmony,2016,,9,0,False
Finger Eleven,2004,2007.0,2,1,False
Finger Eleven,2008,,17,0,False
Firehouse,1992,1995.0,2,1,False
Firehouse,1995,,30,0,False
Five For Fighting,2002,2004.0,1,1,False
Five For Fighting,2004,,21,0,False
Fleetwood Mac,1977,1980.0,2,1,False
Fleetwood Mac,1980,1982.0,1,1,False
Fleetwood Mac,1982,1987.0,4,1,False
Fleetwood Mac,1987,,38,0,False
Flo Rida,2010,2012.0,1,1,False
Flo Rida,2013,2015.0,1,1,False
Flo Rida,2016,,9,0,False
Florida Georgia Line,2014,2016.0,1,1,False
Florida Georgia Line,2016,2018.0,1,1,False
Florida Georgia Line,2019,,6,0,False
Foreigner,1979,1981.0,1,1,False
Foreigner,1982,1985.0,2,1,False
Foreigner,1985,1988.0,2,1,False
Foreigner,1988,,37,0,False
Four Tops,1967,1970.0,2,1,False
Four Tops,1970,1973.0,2,1,False
Four Tops,1973,,52,0,False
Frank Sinatra,1955,1966.0,10,1,False
Frank Sinatra,1967,,58,0,False
Frankie Avalon,1960,,65,0,False
Frankie J,2005,,20,0,False
Frankie Laine,1953,,72,0,False
Frankie Valli,1967,1975.0,7,1,False
Frankie Valli,1975,1978.0,2,1,False
Frankie Valli,1978,,47,0,False
Frankie Valli & The Four Seasons,1964,1976.0,11,1,False
Frankie Valli & The Four Seasons,1976,1994.0,17,1,False
Frankie Valli & The Four Seasons,1994,,31,0,False
Freda Payne,1971,,54,0,False
Freddy Cannon,1960,1962.0,1,1,False
Freddy Cannon,1962,,63,0,False
fun.,2013,,12,0,False
Future,2017,2020.0,2,1,False
Future,2020,2022.0,1,1,False
Future,2024,,1,0,False
Gabby Barrett,2021,,4,0,False
Gary Lewis & The Playboys,1966,1968.0,1,1,False
Gary Lewis & The Playboys,1968,,57,0,False
Gary Puckett & The Union Gap,1969,,56,0,False
Gary U.S. Bonds,1962,1981.0,18,1,False
Gary U.S. Bonds,1981,,44,0,False
Gary Wright,1976,1981.0,4,1,False
Gary Wright,1981,,44,0,False
Gavin DeGraw,2005,2008.0,2,1,False
Gavin DeGraw,2008,2012.0,3,1,False
Gavin DeGraw,2012,,13,0,False
G-Eazy,2016,2018.0,1,1,False
G-Eazy,2018,,7,0,False
Gene Chandler,1962,1970.0,7,1,False
Gene Chandler,1970,,55,0,False
Gene Pitney,1962,1964.0,1,1,False
Gene Pitney,1964,,61,0,False
Genesis,1980,1984.0,3,1,False
Genesis,1984,1986.0,1,1,False
Genesis,1987,1992.0,4,1,False
Genesis,1992,,33,0,False
George Benson,1976,1978.0,1,1,False
George Benson,1978,1980.0,1,1,False
George Benson,1980,1982.0,1,1,False
George Benson,1982,,43,0,False
George Harrison,1971,1973.0,1,1,False
George Harrison,1973,1981.0,7,1,False
George Harrison,1981,1988.0,6,1,False
George Harrison,1988,,37,0,False
George Michael,1988,1990.0,1,1,False
George Michael,1992,1996.0,3,1,False
George Michael,1996,,29,0,False
George Strait,2000,2002.0,1,1,False
George Strait,2002,,23,0,False
Georgia Gibbs,1953,1955.0,1,1,False
Georgia Gibbs,1955,,70,0,False
Gerry & The Pacemakers,1965,,60,0,False
Gilbert O'Sullivan,1973,,52,0,False
Gin Blossoms,1989,1993.0,3,1,False
Gin Blossoms,1994,1996.0,1,1,False
Gin Blossoms,1996,,29,0,False
Gino Vannelli,1979,1981.0,1,1,False
Gino Vannelli,1981,,44,0,False
Ginuwine,1997,1999.0,1,1,False
Ginuwine,1999,2001.0,1,1,False
Ginuwine,2003,,22,0,False
Gladys Knight & The Pips,1971,1973.0,1,1,False
Gladys Knight & The Pips,1975,,50,0,False
Glass Animals,2022,,3,0,False
Glass Tiger,1987,,38,0,False
Glen Campbell,1970,1975.0,4,1,False
Glen Campbell,1977,,48,0,False
Glenn Medeiros,1987,1990.0,2,1,False
Glenn Medeiros,1990,,35,0,False
Gloria Estefan,1991,1995.0,3,1,False
Gloria Estefan,1995,1999.0,3,1,False
Gloria Estefan,1999,,26,0,False
Gloria Gaynor,1975,1979.0,3,1,False
Gloria Gaynor,1979,,46,0,False
Go West,1990,1993.0,2,1,False
Go West,1993,,32,0,False
Gogi Grant,1956,,69,0,False
Golden Earring,1974,1983.0,8,1,False
Golden Earring,1983,,42,0,False
Gordon Lightfoot,1971,1974.0,2,1,False
Gordon Lightfoot,1974,,51,0,False
Gorillaz,2006,,19,0,False
Grand Funk Railroad,1975,,50,0,False
Green Day,2005,2009.0,3,1,False
Green Day,2009,,16,0,False
Groove Theory,1996,,29,0,False
Gucci Mane,2019,,6,0,False
Gunna,2024,,1,0,False
Guns N' Roses,1989,1992.0,2,1,False
Guns N' Roses,1992,,33,0,False
Guy Mitchell,1952,1956.0,3,1,False
Guy Mitchell,1957,1959.0,1,1,False
Guy Mitchell,1960,,65,0,False
Gwen Stefani,2005,2007.0,1,1,False
Gwen Stefani,2007,,18,0,False
Gym Class Heroes,2007,2011.0,3,1,False
Gym Class Heroes,2012,,13,0,False
Haddaway,1994,,31,0,False
Hailee Steinfeld,2017,,8,0,False
Halsey,2020,,5,0,False
"Hamilton, Joe Frank & Reynolds",1971,1975.0,3,1,False
"Hamilton, Joe Frank & Reynolds",1975,,50,0,False
Hanson,1998,,27,0,False
HARDY,2024,,1,0,False
Harry Chapin,1972,1975.0,2,1,False
Harry Chapin,1975,,50,0,False
Harry Nilsson,1969,1972.0,2,1,False
Harry Nilsson,1972,,53,0,False
Harry Styles,2017,2020.0,2,1,False
Harry Styles,2020,2022.0,1,1,False
Harry Styles,2023,,2,0,False
Heart,1977,1981.0,3,1,False
Heart,1981,1985.0,3,1,False
Heart,1987,1990.0,2,1,False
Heart,1990,,35,0,False
Heatwave,1978,,47,0,False
Helen Reddy,1971,1973.0,1,1,False
Helen Reddy,1975,1977.0,1,1,False
Helen Reddy,1977,,48,0,False
Henry Mancini,1963,1969.0,5,1,False
Henry Mancini,1969,,56,0,False
Herb Alpert,1968,1979.0,10,1,False
Herb Alpert,1980,1987.0,6,1,False
Herb Alpert,1987,,38,0,False
Herman's Hermits,1967,,58,0,False
Hi-Five,1992,,33,0,False
Hinder,2007,,18,0,False
Hootie & The Blowfish,1996,,29,0,False
Hot Chocolate,1976,1979.0,2,1,False
Hot Chocolate,1979,,46,0,False
Howard Jones,1986,,39,0,False
Hozier,2015,2024.0,8,1,False
Huey Lewis & The News,1982,1984.0,1,1,False
Huey Lewis & The News,1988,,37,0,False
Hunter Hayes,2013,,12,0,False
Ice Cube,1994,,31,0,False
Ike & Tina Turner,1961,1970.0,8,1,False
Ike & Tina Turner,1971,,54,0,False
Imagine Dragons,2014,2017.0,2,1,False
Imagine Dragons,2018,2022.0,3,1,False
Imagine Dragons,2022,,3,0,False
Immature,1995,,30,0,False
Ini Kamoze,1995,,30,0,False
INXS,1986,1988.0,1,1,False
INXS,1988,1991.0,2,1,False
INXS,1991,,34,0,False
Irene Cara,1980,1983.0,2,1,False
Irene Cara,1984,,41,0,False
Isaac Hayes,1971,1980.0,8,1,False
Isaac Hayes,1980,,45,0,False
Iyaz,2010,,15,0,False
J Balvin,2018,,7,0,False
J. Cole,2013,2019.0,5,1,False
J. Cole,2019,,6,0,False
J. Holiday,2008,,17,0,False
Ja Rule,2003,2005.0,1,1,False
Ja Rule,2005,,20,0,False
Jack Harlow,2020,2022.0,1,1,False
Jack Harlow,2022,2024.0,1,1,False
Jack Harlow,2024,,1,0,False
Jack Scott,1960,,65,0,False
Jackie DeShannon,1965,1969.0,3,1,False
Jackie DeShannon,1969,,56,0,False
Jackie Wilson,1960,1963.0,2,1,False
Jackie Wilson,1963,1967.0,3,1,False
Jackie Wilson,1967,,58,0,False
Jackson Browne,1972,1978.0,5,1,False
Jackson Browne,1978,1982.0,3,1,False
Jackson Browne,1983,,42,0,False
Jade,1993,1995.0,1,1,False
Jade,1995,,30,0,False
Jagged Edge,2001,2004.0,2,1,False
Jagged Edge,2004,,21,0,False
Jaheim,2003,,22,0,False
Jake Owen,2011,2014.0,2,1,False
Jake Owen,2014,,11,0,False
James Brown,1969,1972.0,2,1,False
James Brown,1972,1986.0,13,1,False
James Brown,1986,,39,0,False
James Brown & The Famous Flames,1965,1967.0,1,1,False
James Brown & The Famous Flames,1968,,57,0,False
James Ingram,1984,1990.0,5,1,False
James Ingram,1990,,35,0,False
James Taylor,1971,1975.0,3,1,False
James Taylor,1975,1977.0,1,1,False
James Taylor,1977,,48,0,False
Jamie Foxx,2006,2009.0,2,1,False
Jamie Foxx,2009,,16,0,False
Jan & Dean,1959,1963.0,3,1,False
Jan & Dean,1964,,61,0,False
Janet Jackson,1987,1989.0,1,1,False
Janet Jackson,1991,1993.0,1,1,False
Janet Jackson,1996,1998.0,1,1,False
Janet Jackson,1998,2000.0,1,1,False
Janet Jackson,2001,,24,0,False
Janis Ian,1967,1975.0,7,1,False
Janis Ian,1975,,50,0,False
Jason Aldean,2009,2011.0,1,1,False
Jason Aldean,2012,2014.0,1,1,False
Jason Aldean,2014,2018.0,3,1,False
Jason Aldean,2018,2020.0,1,1,False
Jason Aldean,2023,,2,0,False
Jason Derulo,2011,2013.0,1,1,False
Jason Derulo,2015,2017.0,1,1,False
Jason Derulo,2017,,8,0,False
Jason Mraz,2003,2008.0,4,1,False
Jason Mraz,2009,2012.0,2,1,False
Jason Mraz,2012,,13,0,False
Jay & The Americans,1962,1964.0,1,1,False
Jay & The Americans,1965,1969.0,3,1,False
Jay & The Americans,1969,,56,0,False
Jay Sean,2010,,15,0,False
JAY-Z,2001,2003.0,1,1,False
JAY-Z,2005,2009.0,3,1,False
JAY-Z,2010,2012.0,1,1,False
JAY-Z,2013,,12,0,False
Jeezy,2008,,17,0,False
Jefferson Starship,1976,1978.0,1,1,False
Jefferson Starship,1978,,47,0,False
Jennifer Lopez,2003,2005.0,1,1,False
Jennifer Lopez,2005,2011.0,5,1,False
Jennifer Lopez,2011,,14,0,False
Jeremih,2009,2011.0,1,1,False
Jeremih,2011,2014.0,2,1,False
Jeremih,2014,2016.0,1,1,False
Jeremih,2016,,9,0,False
Jermaine Jackson,1973,1980.0,6,1,False
Jermaine Jackson,1980,1985.0,4,1,False
Jermaine Jackson,1985,,40,0,False
Jerry Butler,1964,1968.0,3,1,False
Jerry Butler,1969,1972.0,2,1,False
Jerry Butler,1972,,53,0,False
Jesse McCartney,2005,2008.0,2,1,False
Jesse McCartney,2009,,16,0,False
Jessica Simpson,2001,2004.0,2,1,False
Jessica Simpson,2004,,21,0,False
Jessie J,2012,2014.0,1,1,False
Jessie J,2015,,10,0,False
Jewel,1999,2002.0,2,1,False
Jewel,2003,,22,0,False
Jim Croce,1974,,51,0,False
Jim Jones,2007,2009.0,1,1,False
Jim Jones,2009,,16,0,False
Jimmie Rodgers,1958,,67,0,False
Jimmy Clanton,1958,1960.0,1,1,False
Jimmy Clanton,1960,1962.0,1,1,False
Jimmy Clanton,1962,,63,0,False
Jimmy Dean,1962,,63,0,False
Jimmy Soul,1963,,62,0,False
Jo Dee Messina,2000,,25,0,False
Jo Stafford,1954,,71,0,False
Joan Jett & the Blackhearts,1982,1988.0,5,1,False
Joan Jett & the Blackhearts,1988,,37,0,False
Jodeci,1995,,30,0,False
Jody Watley,1990,,35,0,False
Joe,1997,2000.0,2,1,False
Joe,2001,,24,0,False
Joe Cocker,1970,1975.0,4,1,False
Joe Cocker,1975,1983.0,7,1,False
Joe Cocker,1983,,42,0,False
Joe Simon,1969,1972.0,2,1,False
Joe Simon,1972,1975.0,2,1,False
Joe Simon,1975,,50,0,False
Joe South,1970,,55,0,False
Joe Tex,1965,1972.0,6,1,False
Joe Tex,1972,1977.0,4,1,False
Joe Tex,1977,,48,0,False
Joe Walsh,1978,1980.0,1,1,False
Joe Walsh,1980,,45,0,False
John Denver,1971,1973.0,1,1,False
John Denver,1975,,50,0,False
John Legend,2005,2009.0,3,1,False
John Legend,2009,2014.0,4,1,False
John Legend,2014,,11,0,False
John Lennon,1970,1981.0,10,1,False
John Lennon,1981,1984.0,2,1,False
John Lennon,1984,,41,0,False
John Mayer,2003,2005.0,1,1,False
John Mayer,2008,,17,0,False
John Mellencamp,1982,1984.0,1,1,False
John Mellencamp,1986,1994.0,7,1,False
John Mellencamp,1994,1996.0,1,1,False
John Mellencamp,1996,,29,0,False
John Travolta,1976,1978.0,1,1,False
John Travolta,1978,,47,0,False
Johnnie Ray,1952,1956.0,3,1,False
Johnnie Ray,1956,,69,0,False
Johnnie Taylor,1973,1976.0,2,1,False
Johnnie Taylor,1976,,49,0,False
Johnny & The Hurricanes,1960,,65,0,False
Johnny Cash,1963,1969.0,5,1,False
Johnny Cash,1969,,56,0,False
Johnny Horton,1960,,65,0,False
Johnny Mathis,1957,1963.0,5,1,False
Johnny Mathis,1963,1978.0,14,1,False
Johnny Mathis,1978,,47,0,False
Johnny Nash,1968,1972.0,3,1,False
Johnny Nash,1973,,52,0,False
Johnny Rivers,1967,1973.0,5,1,False
Johnny Rivers,1973,1977.0,3,1,False
Johnny Rivers,1977,,48,0,False
Johnny Tillotson,1962,,63,0,False
JoJo,2004,2006.0,1,1,False
JoJo,2006,,19,0,False
Jon B.,1995,1998.0,2,1,False
Jon B.,1998,,27,0,False
Jon Secada,1994,,31,0,False
Jonas Brothers,2008,2019.0,10,1,False
Jonas Brothers,2020,,5,0,False
Joni James,1953,1955.0,1,1,False
Joni James,1955,,70,0,False
Jordan Davis,2023,,2,0,False
Jordin Sparks,2009,,16,0,False
Journey,1983,1997.0,13,1,False
Journey,1997,,28,0,False
Jr. Walker & The All Stars,1965,1969.0,3,1,False
Jr. Walker & The All Stars,1969,,56,0,False
Juice Newton,1982,,43,0,False
Juice WRLD,2020,,5,0,False
Junior M.A.F.I.A.,1996,,29,0,False
Justin Bieber,2010,2012.0,1,1,False
Justin Bieber,2013,2015.0,1,1,False
Justin Bieber,2016,2020.0,3,1,False
Justin Bieber,2022,2025.0,2,1,False
Justin Timberlake,2003,2006.0,2,1,False
Justin Timberlake,2007,2013.0,5,1,False
Justin Timberlake,2014,2016.0,1,1,False
Justin Timberlake,2018,,7,0,False
JUVENILE,1999,2004.0,4,1,False
JUVENILE,2004,,21,0,False
Kane Brown,2020,2022.0,1,1,False
Kane Brown,2023,,2,0,False
Kansas,1978,,47,0,False
Kanye West,2009,2011.0,1,1,False
Kanye West,2012,,13,0,False
KAROL G,2023,,2,0,False
Karyn White,1989,1991.0,1,1,False
Karyn White,1992,,33,0,False
Katy Perry,2014,2017.0,2,1,False
Katy Perry,2017,,8,0,False
Kay Starr,1950,1952.0,1,1,False
Kay Starr,1954,1956.0,1,1,False
Kay Starr,1956,,69,0,False
KC & The Sunshine Band,1977,1980.0,2,1,False
KC & The Sunshine Band,1980,1984.0,3,1,False
KC & The Sunshine Band,1984,,41,0,False
K-Ci & JoJo,1999,2001.0,1,1,False
K-Ci & JoJo,2001,,24,0,False
Keith Sweat,1988,1990.0,1,1,False
Keith Sweat,1992,1996.0,3,1,False
Keith Sweat,1997,,28,0,False
Keith Urban,2004,2017.0,12,1,False
Keith Urban,2017,2021.0,3,1,False
Keith Urban,2021,,4,0,False
Kelis,2004,2006.0,1,1,False
Kelis,2006,,19,0,False
Kelly Clarkson,2007,2009.0,1,1,False
Kelly Clarkson,2010,2012.0,1,1,False
Kelly Clarkson,2013,2015.0,1,1,False
Kelly Clarkson,2015,,10,0,False
Kendrick Lamar,2013,2017.0,3,1,False
Kendrick Lamar,2018,2024.0,5,1,False
Kenny Chesney,1999,2001.0,1,1,False
Kenny Chesney,2004,2011.0,6,1,False
Kenny Chesney,2012,2014.0,1,1,False
Kenny Chesney,2014,2018.0,3,1,False
Kenny Chesney,2018,,7,0,False
Kenny G,1987,1993.0,5,1,False
Kenny G,1993,,32,0,False
Kenny Loggins,1978,1980.0,1,1,False
Kenny Loggins,1980,1983.0,2,1,False
Kenny Loggins,1984,1986.0,1,1,False
Kenny Loggins,1987,,38,0,False
Kenny Rogers,1977,1979.0,1,1,False
Kenny Rogers,1983,,42,0,False
Kenny Rogers & The First Edition,1970,,55,0,False
Keri Hilson,2009,2011.0,1,1,False
Keri Hilson,2011,,14,0,False
Kesha,2013,2017.0,3,1,False
Kesha,2017,,8,0,False
Kevin Rudolf,2010,,15,0,False
Keyshia Cole,2008,,17,0,False
Khalid,2019,,6,0,False
Kid Rock,2000,2003.0,2,1,False
Kid Rock,2003,2008.0,4,1,False
Kid Rock,2008,,17,0,False
Kim Carnes,1981,,44,0,False
Kim Wilde,1982,1987.0,4,1,False
Kim Wilde,1987,,38,0,False
Kings of Leon,2010,,15,0,False
Kingsmen,1965,,60,0,False
KISS,1976,1979.0,2,1,False
KISS,1979,1990.0,10,1,False
KISS,1990,,35,0,False
Kodak Black,2017,2019.0,1,1,False
Kodak Black,2019,2022.0,2,1,False
Kodak Black,2022,,3,0,False
Kool & The Gang,1974,1980.0,5,1,False
Kool & The Gang,1982,1984.0,1,1,False
Kool & The Gang,1985,1987.0,1,1,False
Kool & The Gang,1987,,38,0,False
Kris Kross,1993,1996.0,2,1,False
Kris Kross,1996,,29,0,False
Kylie Minogue,1988,2002.0,13,1,False
Kylie Minogue,2002,,23,0,False
Lady A,2011,2013.0,1,1,False
Lady A,2014,,11,0,False
Lady Gaga,2011,2013.0,1,1,False
Lady Gaga,2014,2019.0,4,1,False
Lady Gaga,2020,2023.0,2,1,False
Lainey Wilson,2021,2023.0,1,1,False
Lainey Wilson,2023,,2,0,False
Latto,2023,,2,0,False
Laura Branigan,1984,,41,0,False
LeAnn Rimes,1998,2000.0,1,1,False
LeAnn Rimes,2000,2002.0,1,1,False
LeAnn Rimes,2002,,23,0,False
Lee Ann Womack,2001,,24,0,False
Lee Brice,2012,2014.0,1,1,False
Lee Brice,2014,2019.0,4,1,False
Lee Brice,2020,,5,0,False
Lee Dorsey,1961,1966.0,4,1,False
Lee Dorsey,1966,,59,0,False
Lenny Kravitz,1991,1999.0,7,1,False
Lenny Kravitz,1999,2001.0,1,1,False
Lenny Kravitz,2001,,24,0,False
Leo Sayer,1975,1977.0,1,1,False
Leo Sayer,1977,1981.0,3,1,False
Leo Sayer,1981,,44,0,False
Les Baxter,1953,1955.0,1,1,False
Les Baxter,1956,,69,0,False
Les Paul & Mary Ford,1953,1955.0,1,1,False
Les Paul & Mary Ford,1955,,70,0,False
Lesley Gore,1964,1967.0,2,1,False
Lesley Gore,1967,,58,0,False
Lewis Capaldi,2020,,5,0,False
LFO,2000,,25,0,False
Lifehouse,2001,2005.0,3,1,False
Lifehouse,2007,,18,0,False
Lil Baby,2022,,3,0,False
Lil Durk,2023,,2,0,False
Lil Jon & The East Side Boyz,2005,,20,0,False
Lil' Kim,1997,2003.0,5,1,False
Lil' Kim,2003,,22,0,False
Lil Nas X,2022,,3,0,False
Lil Tecca,2019,2025.0,5,1,False
Lil Uzi Vert,2017,2023.0,5,1,False
Lil Uzi Vert,2023,,2,0,False
Lil Wayne,2008,2010.0,1,1,False
Lil Wayne,2011,2013.0,1,1,False
Lil Wayne,2014,2016.0,1,1,False
Lil Wayne,2016,,9,0,False
Linda Ronstadt,1975,1978.0,2,1,False
Linda Ronstadt,1980,1987.0,6,1,False
Linda Ronstadt,1987,1990.0,2,1,False
Linda Ronstadt,1990,,35,0,False
Linkin Park,2002,2004.0,1,1,False
Linkin Park,2004,2007.0,2,1,False
Linkin Park,2009,2012.0,2,1,False
Linkin Park,2012,,13,0,False
Lionel Richie,1981,1983.0,1,1,False
Lionel Richie,1987,,38,0,False
Lisa Lisa & Cult Jam,1987,,38,0,False
Little Anthony & The Imperials,1958,1965.0,6,1,False
Little Anthony & The Imperials,1965,,60,0,False
Little Big Town,2012,2015.0,2,1,False
Little Big Town,2015,,10,0,False
Little River Band,1980,1982.0,1,1,False
Little River Band,1983,,42,0,False
Lizzo,2020,2022.0,1,1,False
Lizzo,2022,,3,0,False
LL COOL J,1991,1996.0,4,1,False
LL COOL J,1996,1998.0,1,1,False
LL COOL J,1998,2002.0,3,1,False
LL COOL J,2002,2004.0,1,1,False
LL COOL J,2004,,21,0,False
Lloyd,2004,2007.0,2,1,False
Lloyd,2007,,18,0,False
Lloyd Price,1960,,65,0,False
LMFAO,2012,,13,0,False
Lobo,1971,1973.0,1,1,False
Lobo,1973,,52,0,False
Logic,2018,,7,0,False
Lonestar,2001,2003.0,1,1,False
Lonestar,2003,,22,0,False
Lonnie Donegan,1956,1961.0,4,1,False
Lonnie Donegan,1961,,64,0,False
Lorde,2014,,11,0,False
Los Del Rio,1997,,28,0,False
Lou Christie,1963,1966.0,2,1,False
Lou Christie,1966,1969.0,2,1,False
Lou Christie,1969,,56,0,False
Lou Gramm,1987,1990.0,2,1,False
Lou Gramm,1990,,35,0,False
Lou Rawls,1966,1969.0,2,1,False
Lou Rawls,1969,1976.0,6,1,False
Lou Rawls,1976,,49,0,False
Loverboy,1983,,42,0,False
Ludacris,2007,2010.0,2,1,False
Ludacris,2010,,15,0,False
Luke Bryan,2015,2019.0,3,1,False
Luke Bryan,2020,,5,0,False
Luke Combs,2024,,1,0,False
Lupe Fiasco,2008,2011.0,2,1,False
Lupe Fiasco,2011,,14,0,False
Luther Vandross,1992,1994.0,1,1,False
Luther Vandross,1994,,31,0,False
Mac Davis,1972,1974.0,1,1,False
Mac Davis,1974,,51,0,False
Macklemore & Ryan Lewis,2015,,10,0,False
Madonna,1987,1989.0,1,1,False
Madonna,1998,2000.0,1,1,False
Madonna,2001,2006.0,4,1,False
Madonna,2006,2008.0,1,1,False
Madonna,2008,,17,0,False
Major Lance,1964,,61,0,False
Major Lazer,2016,,9,0,False
Manfred Mann,1964,1968.0,3,1,False
Manfred Mann,1968,,57,0,False
Marc Anthony,2000,,25,0,False
Maren Morris,2020,2022.0,1,1,False
Maren Morris,2022,,3,0,False
Mariah Carey,1988,1990.0,1,1,False
Mariah Carey,2001,2005.0,3,1,False
Mariah Carey,2006,2008.0,1,1,False
Mariah Carey,2009,2013.0,3,1,False
Mariah Carey,2013,2020.0,6,1,False
Mario,2002,2005.0,2,1,False
Mario,2005,2009.0,3,1,False
Mario,2009,,16,0,False
Mario Lanza,1953,,72,0,False
Marky Mark And The Funky Bunch,1992,,33,0,False
Maroon 5,2005,2007.0,1,1,False
Maroon 5,2007,2010.0,2,1,False
Maroon 5,2015,2017.0,1,1,False
Maroon 5,2021,,4,0,False
Marshmello,2019,2021.0,1,1,False
Marshmello,2021,2024.0,2,1,False
Marshmello,2024,,1,0,False
Martha Reeves & The Vandellas,1965,1967.0,1,1,False
Martha Reeves & The Vandellas,1967,,58,0,False
Marty Robbins,1957,1960.0,2,1,False
Marty Robbins,1961,,64,0,False
Marvin Gaye,1963,1965.0,1,1,False
Marvin Gaye,1965,1967.0,1,1,False
Marvin Gaye,1969,1971.0,1,1,False
Marvin Gaye,1971,1973.0,1,1,False
Marvin Gaye,1973,1977.0,3,1,False
Marvin Gaye,1977,1983.0,5,1,False
Marvin Gaye,1983,,42,0,False
Mary J. Blige,1993,1996.0,2,1,False
Mary J. Blige,1996,2001.0,4,1,False
Mary J. Blige,2002,2006.0,3,1,False
Mary J. Blige,2006,2008.0,1,1,False
Mary J. Blige,2008,,17,0,False
Mary Wells,1962,1964.0,1,1,False
Mary Wells,1964,,61,0,False
Matchbox Twenty,2001,2003.0,1,1,False
Matchbox Twenty,2003,,22,0,False
Maxi Priest,1990,1996.0,5,1,False
Maxi Priest,1996,,29,0,False
Maxine Nightingale,1976,1979.0,2,1,False
Maxine Nightingale,1979,,46,0,False
Maxwell,1999,2009.0,9,1,False
Maxwell,2009,,16,0,False
MC Hammer,1990,1992.0,1,1,False
MC Hammer,1992,,33,0,False
MC Lyte,1997,,28,0,False
Meat Loaf,1978,1993.0,14,1,False
Meat Loaf,1994,,31,0,False
Meek Mill,2015,2019.0,3,1,False
Meek Mill,2019,,6,0,False
Megan Moroney,2023,2025.0,1,1,False
Megan Thee Stallion,2022,,3,0,False
Meghan Trainor,2016,2023.0,6,1,False
Meghan Trainor,2023,,2,0,False
Mel Carter,1953,1965.0,11,1,False
Mel Carter,1965,,60,0,False
Melanie,1970,1972.0,1,1,False
Melanie,1972,,53,0,False
Melissa Etheridge,1996,,29,0,False
Melissa Manchester,1975,1979.0,3,1,False
Melissa Manchester,1979,1982.0,2,1,False
Melissa Manchester,1982,,43,0,False
Men At Work,1983,,42,0,False
Merril Bainbridge,1997,,28,0,False
mgk,2017,2021.0,3,1,False
mgk,2021,,4,0,False
Michael Bolton,1994,1997.0,2,1,False
Michael Bolton,1997,,28,0,False
Michael Jackson,1972,1979.0,6,1,False
Michael Jackson,1980,1983.0,2,1,False
Michael Jackson,1984,1987.0,2,1,False
Michael Jackson,1989,1992.0,2,1,False
Michael Jackson,1993,1995.0,1,1,False
Michael Jackson,1995,2002.0,6,1,False
Michael Jackson,2002,2014.0,11,1,False
Michael Jackson,2014,,11,0,False
Michael Martin Murphey,1975,1982.0,6,1,False
Michael Martin Murphey,1982,,43,0,False
Michael McDonald,1982,1986.0,3,1,False
Michael McDonald,1986,,39,0,False
Michelle Branch,2003,,22,0,False
Migos,2018,,7,0,False
Miguel,2013,2018.0,4,1,False
Miguel,2018,2023.0,4,1,False
Miguel,2023,,2,0,False
Mike + The Mechanics,1986,1989.0,2,1,False
Mike + The Mechanics,1989,,36,0,False
Mike Posner,2011,2016.0,4,1,False
Mike Posner,2016,,9,0,False
Miley Cyrus,2010,2013.0,2,1,False
Miley Cyrus,2014,2017.0,2,1,False
Miley Cyrus,2017,2023.0,5,1,False
Miley Cyrus,2024,,1,0,False
Milli Vanilli,1990,,35,0,False
Miranda Lambert,2010,2013.0,2,1,False
Miranda Lambert,2014,2020.0,5,1,False
Miranda Lambert,2020,,5,0,False
Missy Elliott,2003,2005.0,1,1,False
Missy Elliott,2005,,20,0,False
Moneybagg Yo,2021,,4,0,False
Monica,1999,2003.0,3,1,False
Monica,2004,,21,0,False
Montell Jordan,1995,1997.0,1,1,False
Montell Jordan,1998,2000.0,1,1,False
Montell Jordan,2000,,25,0,False
Morgan Wallen,2020,2022.0,1,1,False
Muni Long,2022,2024.0,1,1,False
Muni Long,2024,,1,0,False
Murray Head,1971,1985.0,13,1,False
Murray Head,1985,,40,0,False
Musiq Soulchild,2002,,23,0,False
Mustard,2020,,5,0,False
Mýa,1998,2000.0,1,1,False
Mýa,2001,2003.0,1,1,False
Mýa,2003,,22,0,False
Mystikal,2001,,24,0,False
Nas,2003,2005.0,1,1,False
Nas,2005,,20,0,False
Nat King Cole,1955,1958.0,2,1,False
Nat King Cole,1958,1962.0,3,1,False
Nat King Cole,1963,,62,0,False
Natalie Cole,1978,1988.0,9,1,False
Natalie Cole,1989,,36,0,False
Natalie Merchant,1996,,29,0,False
Natasha Bedingfield,2006,2008.0,1,1,False
Natasha Bedingfield,2008,,17,0,False
Naughty By Nature,1991,1993.0,1,1,False
Naughty By Nature,1993,1995.0,1,1,False
Naughty By Nature,1995,1999.0,3,1,False
Naughty By Nature,1999,,26,0,False
Neil Diamond,1967,1969.0,1,1,False
Neil Diamond,1972,1980.0,7,1,False
Neil Diamond,1982,,43,0,False
Neil Sedaka,1962,1975.0,12,1,False
Neil Sedaka,1976,1980.0,3,1,False
Neil Sedaka,1980,,45,0,False
Nelly,2006,2010.0,3,1,False
Nelly,2011,2021.0,9,1,False
Nelly,2021,,4,0,False
Nelly Furtado,2002,2006.0,3,1,False
Nelly Furtado,2007,,18,0,False
Nelson,1991,,34,0,False
Neon Trees,2012,,13,0,False
New Boyz,2011,,14,0,False
New Edition,1985,1988.0,2,1,False
New Edition,1988,1996.0,7,1,False
New Edition,1997,,28,0,False
New Kids On The Block,1990,,35,0,False
Next,1998,2000.0,1,1,False
Next,2000,,25,0,False
Ne-Yo,2009,2012.0,2,1,False
Ne-Yo,2013,2015.0,1,1,False
Ne-Yo,2015,,10,0,False
Nick Jonas,2016,,9,0,False
Nickelback,2002,2004.0,1,1,False
Nickelback,2007,2009.0,1,1,False
Nickelback,2009,,16,0,False
Nicki Minaj,2012,2014.0,1,1,False
Nicki Minaj,2015,2022.0,6,1,False
Nicki Minaj,2024,,1,0,False
Nicky Jam,2015,2018.0,2,1,False
Nicky Jam,2018,,7,0,False
Night Ranger,1985,,40,0,False
Nitty Gritty Dirt Band,1971,1980.0,8,1,False
Nitty Gritty Dirt Band,1980,,45,0,False
NLE Choppa,2020,,5,0,False
No Doubt,1996,2002.0,5,1,False
No Doubt,2004,,21,0,False
No Mercy,1997,,28,0,False
Noah Kahan,2024,,1,0,False
*NSYNC,2002,,23,0,False
Offset,2019,,6,0,False
Ohio Players,1973,1975.0,1,1,False
Ohio Players,1976,,49,0,False
Old Dominion,2020,2023.0,2,1,False
Old Dominion,2023,,2,0,False
Olivia Newton-John,1971,1974.0,2,1,False
Olivia Newton-John,1975,1978.0,2,1,False
Olivia Newton-John,1982,1984.0,1,1,False
Olivia Newton-John,1984,,41,0,False
Olivia Rodrigo,2024,,1,0,False
Omarion,2005,2007.0,1,1,False
Omarion,2007,2015.0,7,1,False
Omarion,2015,,10,0,False
One Direction,2016,,9,0,False
OneRepublic,2008,2010.0,1,1,False
OneRepublic,2011,2013.0,1,1,False
OneRepublic,2014,2022.0,7,1,False
OneRepublic,2022,,3,0,False
Orleans,1976,,49,0,False
O.T. Genasis,2016,,9,0,False
Outkast,1996,2001.0,4,1,False
Outkast,2002,2004.0,1,1,False
Outkast,2004,,21,0,False
Owl City,2010,2012.0,1,1,False
Owl City,2012,,13,0,False
Pablo Cruise,1978,1981.0,2,1,False
Pablo Cruise,1981,,44,0,False
Panic! At The Disco,2006,2019.0,12,1,False
Panic! At The Disco,2019,,6,0,False
Paramore,2010,2013.0,2,1,False
Paramore,2014,,11,0,False
Parker McCollum,2024,,1,0,False
Parliament,1976,1978.0,1,1,False
Parliament,1978,,47,0,False
Parmalee,2022,,3,0,False
Party Tyme Karaoke,1991,1998.0,6,1,False
Party Tyme Karaoke,1998,,27,0,False
Passenger,2014,,11,0,False
Pat Benatar,1981,1984.0,2,1,False
Pat Benatar,1985,,40,0,False
Pat Boone,1958,1961.0,2,1,False
Pat Boone,1962,,63,0,False
Patsy Cline,1962,,63,0,False
Patti Page,1954,1956.0,1,1,False
Patti Page,1957,1965.0,7,1,False
Patti Page,1965,,60,0,False
Paul Anka,1957,1959.0,1,1,False
Paul Anka,1962,1974.0,11,1,False
Paul Anka,1976,,49,0,False
Paul Davis,1978,1982.0,3,1,False
Paul Davis,1982,,43,0,False
Paul Evans,1960,,65,0,False
Paul McCartney,1971,1973.0,1,1,False
Paul McCartney,1975,1980.0,4,1,False
Paul McCartney,1980,1982.0,1,1,False
Paul McCartney,1982,1984.0,1,1,False
Paul McCartney,1986,,39,0,False
Paul Revere & The Raiders,1966,1969.0,2,1,False
Paul Revere & The Raiders,1969,1971.0,1,1,False
Paul Revere & The Raiders,1971,,54,0,False
Paul Simon,1973,1976.0,2,1,False
Paul Simon,1976,1978.0,1,1,False
Paul Simon,1978,,47,0,False
Paul Young,1985,1990.0,4,1,False
Paul Young,1990,,35,0,False
Paula Abdul,1992,,33,0,False
Paula Cole,1998,,27,0,False
Peabo Bryson,1984,1993.0,8,1,False
Peabo Bryson,1993,,32,0,False
Peaches & Herb,1967,1979.0,11,1,False
Peaches & Herb,1980,,45,0,False
Pearl Jam,1996,1999.0,2,1,False
Pearl Jam,1999,,26,0,False
Pebbles,1988,1990.0,1,1,False
Pebbles,1990,,35,0,False
Percy Faith & His Orchestra,1952,1960.0,7,1,False
Percy Faith & His Orchestra,1960,,65,0,False
Percy Sledge,1966,1968.0,1,1,False
Percy Sledge,1968,,57,0,False
Pérez Prado,1955,1958.0,2,1,False
Pérez Prado,1958,,67,0,False
Perry Como,1951,1953.0,1,1,False
Perry Como,1958,1971.0,12,1,False
Perry Como,1971,,54,0,False
Pet Shop Boys,1986,1988.0,1,1,False
Pet Shop Boys,1988,,37,0,False
Peter and Gordon,1966,,59,0,False
Peter Cetera,1988,,37,0,False
Peter Frampton,1977,,48,0,False
Peter Gabriel,1987,,38,0,False
"Peter, Paul and Mary",1963,1967.0,3,1,False
"Peter, Paul and Mary",1967,,58,0,False
Petula Clark,1967,,58,0,False
Pharrell Williams,2003,2014.0,10,1,False
Pharrell Williams,2014,,11,0,False
Phil Collins,1986,1988.0,1,1,False
Phil Collins,1990,1994.0,3,1,False
Phil Collins,1994,,31,0,False
Phil Harris,1951,,74,0,False
Phillip Phillips,2013,,12,0,False
Pink Floyd,1973,1980.0,6,1,False
Pink Floyd,1980,,45,0,False
Pitbull,2009,2011.0,1,1,False
Pitbull,2015,,10,0,False
Playboi Carti,2017,2025.0,7,1,False
Plies,2008,,17,0,False
P.M. Dawn,1993,,32,0,False
P!nk,2002,2006.0,3,1,False
P!nk,2009,2011.0,1,1,False
P!nk,2013,2016.0,2,1,False
P!nk,2017,2019.0,1,1,False
P!nk,2019,,6,0,False
Poison,1991,,34,0,False
Polo G,2019,2021.0,1,1,False
Polo G,2021,,4,0,False
Pop Smoke,2021,,4,0,False
Portugal. The Man,2018,,7,0,False
Post Malone,2020,2022.0,1,1,False
Pretenders,1980,1983.0,2,1,False
Pretenders,1983,1987.0,3,1,False
Pretenders,1987,1995.0,7,1,False
Pretenders,1995,,30,0,False
Pretty Ricky,2005,2007.0,1,1,False
Pretty Ricky,2007,,18,0,False
Prince,1980,1983.0,2,1,False
Prince,1987,1989.0,1,1,False
Prince,1994,,31,0,False
PSY,2013,,12,0,False
Puddle Of Mudd,2003,,22,0,False
Quarterflash,1983,,42,0,False
Queen,1978,1980.0,1,1,False
Queen,1981,1992.0,10,1,False
Queen,1992,,33,0,False
R. Kelly,1994,1996.0,1,1,False
R. Kelly,1997,1999.0,1,1,False
R. Kelly,1999,2001.0,1,1,False
R. Kelly,2001,2003.0,1,1,False
R. Kelly,2004,2007.0,2,1,False
R. Kelly,2007,,18,0,False
Rae Sremmurd,2015,2017.0,1,1,False
Rae Sremmurd,2018,,7,0,False
Ralph Marterie,1954,,71,0,False
Rare Earth,1971,,54,0,False
Ray Charles,1963,1966.0,2,1,False
Ray Charles,1967,,58,0,False
Ray J,1997,2006.0,8,1,False
Ray J,2006,2008.0,1,1,False
Ray J,2008,,17,0,False
Ray Parker Jr.,1982,1984.0,1,1,False
Ray Parker Jr.,1984,,41,0,False
Ray Peterson,1961,,64,0,False
Ray Stevens,1962,1969.0,6,1,False
Ray Stevens,1970,1974.0,3,1,False
Ray Stevens,1975,,50,0,False
Raydio,1979,,46,0,False
Ready For The World,1985,1987.0,1,1,False
Ready For The World,1987,,38,0,False
Real McCoy,1995,1997.0,1,1,False
Real McCoy,1997,,28,0,False
Red Hot Chili Peppers,1992,1999.0,6,1,False
Red Hot Chili Peppers,2000,2006.0,5,1,False
Red Hot Chili Peppers,2007,,18,0,False
Redbone,1972,1974.0,1,1,False
Redbone,1974,,51,0,False
R.E.M.,1989,1991.0,1,1,False
R.E.M.,1991,,34,0,False
REO Speedwagon,1982,1985.0,2,1,False
REO Speedwagon,1985,,40,0,False
Richard Marx,1989,1992.0,2,1,False
Richard Marx,1992,1994.0,1,1,False
Richard Marx,1994,,31,0,False
Rick Astley,1989,1991.0,1,1,False
Rick Astley,1991,,34,0,False
Rick Nelson,1964,,61,0,False
Rick Springfield,1972,1981.0,8,1,False
Rick Springfield,1984,,41,0,False
Ricky Martin,1999,2001.0,1,1,False
Ricky Martin,2001,,24,0,False
Ricky Nelson,1962,1964.0,1,1,False
Ricky Nelson,1964,1972.0,7,1,False
Ricky Nelson,1972,,53,0,False
Rihanna,2013,2015.0,1,1,False
Rihanna,2017,2023.0,5,1,False
Rihanna,2023,,2,0,False
Ringo Starr,1971,1974.0,2,1,False
Ringo Starr,1975,,50,0,False
Rita Coolidge,1978,,47,0,False
Rob Thomas,2005,2009.0,3,1,False
Rob Thomas,2009,,16,0,False
Robert John,1972,1979.0,6,1,False
Robert John,1979,,46,0,False
Robert Palmer,1979,1986.0,6,1,False
Robert Palmer,1986,1988.0,1,1,False
Robert Palmer,1988,,37,0,False
Roberta Flack,1974,1978.0,3,1,False
Roberta Flack,1978,1982.0,3,1,False
Roberta Flack,1982,,43,0,False
Robin Thicke,2007,2013.0,5,1,False
Robin Thicke,2014,,11,0,False
Robyn,1998,,27,0,False
Rod Stewart,1971,1977.0,5,1,False
Rod Stewart,1979,1981.0,1,1,False
Rod Stewart,1982,1984.0,1,1,False
Rod Stewart,1984,1986.0,1,1,False
Rod Stewart,1986,1989.0,2,1,False
Rod Stewart,1991,1993.0,1,1,False
Rod Stewart,1993,,32,0,False
Rod Wave,2021,,4,0,False
Roddy Ricch,2021,,4,0,False
Roger Miller,1965,,60,0,False
Roger Williams,1955,1966.0,10,1,False
Roger Williams,1966,,59,0,False
Ronnie Milsap,1977,1981.0,3,1,False
Ronnie Milsap,1982,,43,0,False
Rosemary Clooney,1952,1954.0,1,1,False
Rosemary Clooney,1954,,71,0,False
Roxette,1991,,34,0,False
Roy Orbison,1964,,61,0,False
Ruben Studdard,2004,,21,0,False
Rufus,1974,1976.0,1,1,False
Rufus,1976,,49,0,False
Russell Dickerson,2022,2025.0,2,1,False
Ryan Cabrera,2005,,20,0,False
Sade,1986,,39,0,False
Salt-N-Pepa,1991,1994.0,2,1,False
Salt-N-Pepa,1994,,31,0,False
Sam & Dave,1968,,57,0,False
Sam Cooke,1960,1962.0,1,1,False
Sam Cooke,1963,1965.0,1,1,False
Sam Cooke,1965,,60,0,False
Sam Hunt,2015,2017.0,1,1,False
Sam Hunt,2017,2020.0,2,1,False
Sam Hunt,2020,,5,0,False
Sam Smith,2015,2017.0,1,1,False
Sam Smith,2019,2022.0,2,1,False
Sam Smith,2023,,2,0,False
Sam The Sham & The Pharaohs,1966,,59,0,False
Samantha Fox,1989,,36,0,False
Sammy Davis Jr.,1964,1969.0,4,1,False
Sammy Davis Jr.,1969,1972.0,2,1,False
Sammy Davis Jr.,1972,,53,0,False
Sammy Kaye,1950,1952.0,1,1,False
Sammy Kaye,1952,,73,0,False
Sandy Posey,1967,,58,0,False
Santana,1970,1981.0,10,1,False
Santana,1981,1999.0,17,1,False
Santana,2000,2003.0,2,1,False
Santana,2004,2008.0,3,1,False
Santana,2008,,17,0,False
Sara Bareilles,2008,2010.0,1,1,False
Sara Bareilles,2010,2013.0,2,1,False
Sara Bareilles,2014,,11,0,False
Sarah McLachlan,1999,,26,0,False
Sarah Vaughan,1955,1959.0,3,1,False
Sarah Vaughan,1959,,66,0,False
Savage Garden,1998,2000.0,1,1,False
Savage Garden,2000,,25,0,False
Saweetie,2019,2021.0,1,1,False
Saweetie,2021,,4,0,False
Seal,1991,1994.0,2,1,False
Seal,1997,,28,0,False
Seals and Crofts,1973,1976.0,2,1,False
Seals and Crofts,1976,,49,0,False
Sean Kingston,2010,,15,0,False
Sean Paul,2006,,19,0,False
Selena Gomez,2013,2015.0,1,1,False
Selena Gomez,2016,2018.0,1,1,False
Selena Gomez,2018,2020.0,1,1,False
Selena Gomez,2020,,5,0,False
Selena Gomez & The Scene,2012,,13,0,False
SHAED,2020,,5,0,False
Shaggy,1995,2001.0,5,1,False
Shaggy,2001,,24,0,False
Shakira,2002,2005.0,2,1,False
Shakira,2006,2009.0,2,1,False
Shakira,2009,2014.0,4,1,False
Shakira,2014,,11,0,False
Shalamar,1980,1983.0,2,1,False
Shalamar,1984,,41,0,False
Shania Twain,1999,2003.0,3,1,False
Shania Twain,2003,,22,0,False
Shanice,1993,,32,0,False
Shaun Cassidy,1978,,47,0,False
Shawn Mendes,2020,,5,0,False
Sheena Easton,1982,1985.0,2,1,False
Sheena Easton,1985,1989.0,3,1,False
Sheena Easton,1989,,36,0,False
Sheila E.,1984,1986.0,1,1,False
Sheila E.,1986,,39,0,False
Sheryl Crow,1997,2002.0,4,1,False
Sheryl Crow,2002,2004.0,1,1,False
Sheryl Crow,2004,,21,0,False
Sia,2016,,9,0,False
Silento,2016,,9,0,False
Silk,1993,1999.0,5,1,False
Silk,1999,,26,0,False
Simon & Garfunkel,1966,1968.0,1,1,False
Simon & Garfunkel,1968,1970.0,1,1,False
Simon & Garfunkel,1970,,55,0,False
Simple Minds,1986,,39,0,False
Simply Red,1986,1989.0,2,1,False
Simply Red,1989,,36,0,False
Sister Hazel,1998,,27,0,False
Skid Row,1990,,35,0,False
Skip & Flip,1960,,65,0,False
Sly & The Family Stone,1970,1972.0,1,1,False
Sly & The Family Stone,1973,,52,0,False
Smash Mouth,2000,,25,0,False
Smokey Robinson,1981,1987.0,5,1,False
Smokey Robinson,1987,,38,0,False
Smokey Robinson & The Miracles,1965,1968.0,2,1,False
Smokey Robinson & The Miracles,1969,,56,0,False
SNAP!,1990,1992.0,1,1,False
SNAP!,1993,,32,0,False
Snoop Dogg,1994,2003.0,8,1,False
Snoop Dogg,2005,2007.0,1,1,False
Snoop Dogg,2008,2012.0,3,1,False
Snoop Dogg,2012,,13,0,False
Snow Patrol,2007,,18,0,False
Somethin' For The People,1998,,27,0,False
Sonny & Cher,1965,1967.0,1,1,False
Sonny & Cher,1967,1972.0,4,1,False
Sonny & Cher,1972,,53,0,False
Sophie B. Hawkins,1992,1995.0,2,1,False
Sophie B. Hawkins,1996,,29,0,False
Soul Asylum,1993,1995.0,1,1,False
Soul Asylum,1995,,30,0,False
Soul II Soul,1990,,35,0,False
Soulja Boy,2009,,16,0,False
Spice Girls,1998,,27,0,False
Starship,1987,,38,0,False
Steely Dan,1974,1978.0,3,1,False
Steely Dan,1978,1981.0,2,1,False
Steely Dan,1981,,44,0,False
Stephen Bishop,1977,1983.0,5,1,False
Stephen Bishop,1983,,42,0,False
Steve Lacy,2023,,2,0,False
Steve Lawrence,1961,1963.0,1,1,False
Steve Lawrence,1963,,62,0,False
Steve Miller Band,1974,1976.0,1,1,False
Steve Miller Band,1977,1982.0,4,1,False
Steve Miller Band,1982,,43,0,False
Steve Winwood,1981,1986.0,4,1,False
Steve Winwood,1988,,37,0,False
Stevie B,1991,1995.0,3,1,False
Stevie B,1995,,30,0,False
Stevie Nicks,1983,1986.0,2,1,False
Stevie Nicks,1986,,39,0,False
Stevie Wonder,1963,1966.0,2,1,False
Stevie Wonder,1971,1973.0,1,1,False
Stevie Wonder,1975,1977.0,1,1,False
Stevie Wonder,1977,1980.0,2,1,False
Stevie Wonder,1982,1984.0,1,1,False
Stevie Wonder,1986,,39,0,False
Sting,1985,1988.0,2,1,False
Sting,1988,1991.0,2,1,False
Sting,1991,1993.0,1,1,False
Sting,1993,2000.0,6,1,False
Sting,2000,,25,0,False
Styx,1975,1978.0,2,1,False
Styx,1981,1983.0,1,1,False
Styx,1983,1991.0,7,1,False
Styx,1991,,34,0,False
Sue Thompson,1962,,63,0,False
Sugar Ray,1999,2001.0,1,1,False
Sugar Ray,2001,,24,0,False
Sugarloaf,1970,1975.0,4,1,False
Sugarloaf,1975,,50,0,False
Supertramp,1977,1979.0,1,1,False
Supertramp,1980,,45,0,False
Surface,1989,1991.0,1,1,False
Surface,1991,,34,0,False
Survivor,1982,1985.0,2,1,False
Survivor,1987,,38,0,False
Sweet,1973,1975.0,1,1,False
Sweet,1976,1978.0,1,1,False
Sweet,1978,,47,0,False
SWV,1994,1996.0,1,1,False
SWV,1997,,28,0,False
SZA,2017,2021.0,3,1,False
Tag Team,1994,,31,0,False
Taio Cruz,2011,,14,0,False
Take That,1996,,29,0,False
Tate McRae,2022,2024.0,1,1,False
Tavares,1976,,49,0,False
Taylor Dayne,1990,1993.0,2,1,False
Taylor Dayne,1993,,32,0,False
Taylor Swift,2019,2021.0,1,1,False
Taylor Swift,2024,,1,0,False
Tears For Fears,1985,1989.0,3,1,False
Tears For Fears,1989,1993.0,3,1,False
Tears For Fears,1993,,32,0,False
Technotronic,1990,1992.0,1,1,False
Technotronic,1992,,33,0,False
Tennessee Ernie Ford,1956,,69,0,False
Teresa Brewer,1950,1953.0,2,1,False
Teresa Brewer,1953,1956.0,2,1,False
Teresa Brewer,1956,,69,0,False
Tesla,1991,,34,0,False
Tevin Campbell,1992,1994.0,1,1,False
Tevin Campbell,1994,,31,0,False
The 5th Dimension,1969,1971.0,1,1,False
The 5th Dimension,1972,,53,0,False
The Alan Parsons Project,1982,,43,0,False
The All-American Rejects,2007,2009.0,1,1,False
The All-American Rejects,2009,,16,0,False
The Ames Brothers,1950,1952.0,1,1,False
The Ames Brothers,1953,1955.0,1,1,False
The Ames Brothers,1956,,69,0,False
The Animals,1965,,60,0,False
The Association,1967,,58,0,False
The B-52's,1990,,35,0,False
The Band Perry,2011,,14,0,False
The Bangles,1989,,36,0,False
The Beach Boys,1966,1976.0,9,1,False
The Beach Boys,1976,1988.0,11,1,False
The Beach Boys,1988,,37,0,False
The Beatles,1970,1976.0,5,1,False
The Beatles,1976,,49,0,False
The Box Tops,1969,,56,0,False
The Brothers Johnson,1977,1980.0,2,1,False
The Brothers Johnson,1980,,45,0,False
The Browns,1960,,65,0,False
The Cars,1982,1984.0,1,1,False
The Cars,1984,1986.0,1,1,False
The Cars,1986,,39,0,False
The Chainsmokers,2017,,8,0,False
The Charlie Daniels Band,1980,,45,0,False
The Chicks,2000,2002.0,1,1,False
The Chicks,2003,,22,0,False
The Chiffons,1963,1966.0,2,1,False
The Chiffons,1966,,59,0,False
The Chordettes,1956,1958.0,1,1,False
The Chordettes,1958,,67,0,False
The Coasters,1959,,66,0,False
The Cover Girls,1990,1992.0,1,1,False
The Cover Girls,1992,,33,0,False
The Cowsills,1969,,56,0,False
The Cranberries,1994,1997.0,2,1,False
The Cranberries,1997,,28,0,False
The Crests,1960,,65,0,False
The Crystals,1963,,62,0,False
The Cure,1989,1992.0,2,1,False
The Cure,1992,,33,0,False
The Dave Clark Five,1965,,60,0,False
The Delfonics,1968,1970.0,1,1,False
The Delfonics,1970,,55,0,False
The Dells,1969,,56,0,False
The Diamonds,1958,,67,0,False
The Doobie Brothers,1973,1975.0,1,1,False
The Doobie Brothers,1975,1979.0,3,1,False
The Doobie Brothers,1979,,46,0,False
The Doors,1969,1971.0,1,1,False
The Doors,1971,,54,0,False
The Dovells,1961,1963.0,1,1,False
The Dovells,1963,,62,0,False
The Dramatics,1972,,53,0,False
The Drifters,1961,1963.0,1,1,False
The Drifters,1964,,61,0,False
The Escape Club,1988,1991.0,2,1,False
The Escape Club,1991,,34,0,False
The Everly Brothers,1962,,63,0,False
The Fortunes,1965,1971.0,5,1,False
The Fortunes,1971,,54,0,False
The Foundations,1969,,56,0,False
The Four Aces,1952,1954.0,1,1,False
The Four Aces,1955,,70,0,False
The Four Lads,1956,,69,0,False
The Four Preps,1961,,64,0,False
The Fray,2007,2009.0,1,1,False
The Fray,2009,,16,0,False
The Friends Of Distinction,1970,,55,0,False
The Game,2005,2008.0,2,1,False
The Game,2008,,17,0,False
The Gaylords,1954,,71,0,False
The Go-Go's,1982,1984.0,1,1,False
The Go-Go's,1984,,41,0,False
The Goo Goo Dolls,1996,1999.0,2,1,False
The Goo Goo Dolls,2000,2002.0,1,1,False
The Goo Goo Dolls,2002,,23,0,False
The Grass Roots,1969,1971.0,1,1,False
The Grass Roots,1971,,54,0,False
The Greg Kihn Band,1981,1983.0,1,1,False
The Greg Kihn Band,1983,,42,0,False
The Guess Who,1970,1974.0,3,1,False
The Guess Who,1974,,51,0,False
The Happenings,1967,,58,0,False
The Heights,1993,,32,0,False
The Highwaymen,1962,,63,0,False
The Hilltoppers,1953,,72,0,False
The Hollies,1967,1970.0,2,1,False
The Hollies,1970,1972.0,1,1,False
The Hollies,1972,1974.0,1,1,False
The Hollies,1974,,51,0,False
The Human League,1983,1986.0,2,1,False
The Human League,1986,,39,0,False
The Impressions,1964,,61,0,False
The Isley Brothers,1962,1966.0,3,1,False
The Isley Brothers,1966,1969.0,2,1,False
The Isley Brothers,1969,1973.0,3,1,False
The Isley Brothers,1973,1975.0,1,1,False
The Isley Brothers,1975,2001.0,25,1,False
The Isley Brothers,2001,,24,0,False
The Jackson 5,1971,1974.0,2,1,False
The Jackson 5,1974,,51,0,False
The Jacksons,1977,1979.0,1,1,False
The Jacksons,1979,1984.0,4,1,False
The Jacksons,1984,,41,0,False
The Jets,1988,,37,0,False
The Kid LAROI,2022,,3,0,False
The Kingston Trio,1959,1962.0,2,1,False
The Kingston Trio,1963,,62,0,False
The Kinks,1966,1970.0,3,1,False
The Kinks,1970,1983.0,12,1,False
The Kinks,1983,,42,0,False
The KLF,1992,,33,0,False
The Lettermen,1961,1968.0,6,1,False
The Lettermen,1969,,56,0,False
The Lovin' Spoonful,1966,,59,0,False
The Lumineers,2013,,12,0,False
The Main Ingredient,1972,1974.0,1,1,False
The Main Ingredient,1974,,51,0,False
The Mamas & The Papas,1967,,58,0,False
The Manhattans,1976,1980.0,3,1,False
The Manhattans,1980,,45,0,False
The Marvelettes,1962,1966.0,3,1,False
The Marvelettes,1966,,59,0,False
The McGuire Sisters,1955,1958.0,2,1,False
The McGuire Sisters,1958,,67,0,False
The Mills Brothers,1950,1952.0,1,1,False
The Mills Brothers,1953,1968.0,14,1,False
The Mills Brothers,1968,,57,0,False
The Miracles,1961,1963.0,1,1,False
The Miracles,1963,1976.0,12,1,False
The Miracles,1976,,49,0,False
The Monkees,1967,,58,0,False
The Moody Blues,1965,1972.0,6,1,False
The Moody Blues,1972,1986.0,13,1,False
The Moody Blues,1986,,39,0,False
The New Christy Minstrels,1964,,61,0,False
The New Seekers,1970,1972.0,1,1,False
The New Seekers,1972,,53,0,False
The Notorious B.I.G.,1995,1997.0,1,1,False
The Notorious B.I.G.,1997,,28,0,False
The O'Jays,1974,1976.0,1,1,False
The O'Jays,1976,1978.0,1,1,False
The O'Jays,1978,,47,0,False
The Originals,1970,,55,0,False
The Orlons,1963,,62,0,False
The Osmonds,1972,,53,0,False
The Platters,1956,1958.0,1,1,False
The Platters,1960,,65,0,False
The Pointer Sisters,1973,1979.0,5,1,False
The Pointer Sisters,1979,1981.0,1,1,False
The Pointer Sisters,1982,1984.0,1,1,False
The Pointer Sisters,1985,,40,0,False
The Police,1984,,41,0,False
The Pussycat Dolls,2006,2008.0,1,1,False
The Pussycat Dolls,2009,,16,0,False
The Righteous Brothers,1966,1974.0,7,1,False
The Righteous Brothers,1974,,51,0,False
The Rolling Stones,1969,1971.0,1,1,False
The Rolling Stones,1971,1973.0,1,1,False
The Rolling Stones,1973,1978.0,4,1,False
The Rolling Stones,1978,1980.0,1,1,False
The Rolling Stones,1980,1982.0,1,1,False
The Rolling Stones,1982,1984.0,1,1,False
The Rolling Stones,1984,,41,0,False
The Sandpipers,1966,1970.0,3,1,False
The Sandpipers,1970,,55,0,False
The Script,2011,2013.0,1,1,False
The Script,2013,,12,0,False
The Searchers,1965,,60,0,False
The Seekers,1965,1967.0,1,1,False
The Seekers,1967,,58,0,False
The Shirelles,1963,,62,0,False
The Spinners,1970,1973.0,2,1,False
The Spinners,1974,1977.0,2,1,False
The Spinners,1977,1980.0,2,1,False
The Spinners,1980,,45,0,False
The Staple Singers,1972,1976.0,3,1,False
The Staple Singers,1976,,49,0,False
The Stylistics,1974,,51,0,False
The Supremes,1967,1970.0,2,1,False
The Supremes,1970,,55,0,False
The Surfaris,1963,1966.0,2,1,False
The Surfaris,1966,,59,0,False
The Sylvers,1977,,48,0,False
The Temptations,1971,1973.0,1,1,False
The Temptations,1973,,52,0,False
The Time,1985,1990.0,4,1,False
The Time,1990,,35,0,False
The Troggs,1966,1968.0,1,1,False
The Troggs,1968,,57,0,False
The Turtles,1969,,56,0,False
The Ventures,1960,1964.0,3,1,False
The Ventures,1964,1969.0,4,1,False
The Ventures,1969,,56,0,False
The Vogues,1966,1968.0,1,1,False
The Vogues,1968,,57,0,False
The Weavers,1951,,74,0,False
The Weeknd,2018,2020.0,1,1,False
The Weeknd,2023,2025.0,1,1,False
The Who,1967,1971.0,3,1,False
The Who,1971,1976.0,4,1,False
The Who,1976,,49,0,False
The Yardbirds,1966,,59,0,False
The Young Rascals,1967,,58,0,False
The Zombies,1965,1969.0,3,1,False
The Zombies,1969,,56,0,False
THE-DREAM,2009,,16,0,False
Third Eye Blind,2000,,25,0,False
Thomas Rhett,2013,2016.0,2,1,False
Thomas Rhett,2016,2018.0,1,1,False
Thomas Rhett,2019,2021.0,1,1,False
Thomas Rhett,2021,2025.0,3,1,False
Thompson Twins,1986,,39,0,False
Three 6 Mafia,2006,2008.0,1,1,False
Three 6 Mafia,2008,,17,0,False
Three Dog Night,1974,,51,0,False
T.I.,2009,2014.0,4,1,False
T.I.,2014,,11,0,False
Tiffany,1989,,36,0,False
Tim McGraw,1994,1997.0,2,1,False
Tim McGraw,1997,1999.0,1,1,False
Tim McGraw,2001,2003.0,1,1,False
Tim McGraw,2004,2013.0,8,1,False
Tim McGraw,2013,2016.0,2,1,False
Tim McGraw,2016,,9,0,False
Timbaland,1997,2007.0,9,1,False
Timbaland,2008,2010.0,1,1,False
Timbaland,2010,,15,0,False
Tina Turner,1986,1993.0,6,1,False
Tina Turner,1993,,32,0,False
TLC,1993,1995.0,1,1,False
TLC,1996,1999.0,2,1,False
TLC,1999,,26,0,False
Toby Keith,2005,2012.0,6,1,False
Toby Keith,2012,,13,0,False
Todd Rundgren,1972,1974.0,1,1,False
Todd Rundgren,1974,,51,0,False
Tom Jones,1965,1967.0,1,1,False
Tom Jones,1971,,54,0,False
Tom Petty,1990,1995.0,4,1,False
Tom Petty,1995,,30,0,False
Tom Petty and the Heartbreakers,1980,1983.0,2,1,False
Tom Petty and the Heartbreakers,1983,1994.0,10,1,False
Tom Petty and the Heartbreakers,1994,,31,0,False
Tommy James & The Shondells,1969,1971.0,1,1,False
Tommy James & The Shondells,1971,,54,0,False
Tommy Roe,1962,1966.0,3,1,False
Tommy Roe,1966,1969.0,2,1,False
Tommy Roe,1969,,56,0,False
Toni Braxton,1994,1996.0,1,1,False
Toni Braxton,1997,2000.0,2,1,False
Toni Braxton,2000,,25,0,False
Tony Bennett,1954,1963.0,8,1,False
Tony Bennett,1963,,62,0,False
Tony Martin,1951,1954.0,2,1,False
Tony Martin,1954,,71,0,False
Tony Orlando & Dawn,1971,1973.0,1,1,False
Tony Orlando & Dawn,1973,1975.0,1,1,False
Tony Orlando & Dawn,1975,,50,0,False
Total,1997,1999.0,1,1,False
Total,1999,,26,0,False
TOTO,1979,1982.0,2,1,False
TOTO,1983,1986.0,2,1,False
TOTO,1986,,39,0,False
Tove Lo,2015,,10,0,False
Toya,2002,,23,0,False
T-Pain,2008,2012.0,3,1,False
T-Pain,2012,,13,0,False
Tracy Chapman,1988,1996.0,7,1,False
Tracy Chapman,1996,,29,0,False
Train,2001,2003.0,1,1,False
Train,2003,2010.0,6,1,False
Train,2010,2012.0,1,1,False
Train,2012,,13,0,False
Travis Scott,2020,2023.0,2,1,False
Travis Scott,2024,,1,0,False
Trey Songz,2008,2010.0,1,1,False
Trey Songz,2012,2014.0,1,1,False
Trey Songz,2015,,10,0,False
Trick Daddy,2001,2005.0,3,1,False
Trick Daddy,2005,,20,0,False
Twenty One Pilots,2017,,8,0,False
Tyga,2012,2018.0,5,1,False
Tyga,2018,,7,0,False
Tyler Hubbard,2023,,2,0,False
Tyrese,1999,2003.0,3,1,False
Tyrese,2003,,22,0,False
Tyrone Davis,1970,,55,0,False
U2,1988,1992.0,3,1,False
U2,1992,1995.0,2,1,False
U2,1995,2001.0,5,1,False
U2,2001,,24,0,False
UB40,1988,1991.0,2,1,False
UB40,1991,1993.0,1,1,False
UB40,1993,,32,0,False
Ugly Kid Joe,1993,,32,0,False
Uncle Kracker,2001,2010.0,8,1,False
Uncle Kracker,2010,,15,0,False
USHER,1998,2001.0,2,1,False
USHER,2002,2004.0,1,1,False
USHER,2005,2008.0,2,1,False
USHER,2008,2010.0,1,1,False
USHER,2012,2015.0,2,1,False
USHER,2016,2024.0,7,1,False
USHER,2024,,1,0,False
Van Halen,1979,1982.0,2,1,False
Van Halen,1982,1984.0,1,1,False
Van Halen,1984,1986.0,1,1,False
Van Halen,1986,1988.0,1,1,False
Van Halen,1988,1995.0,6,1,False
Van Halen,1995,,30,0,False
Vanessa Williams,1989,1992.0,2,1,False
Vanessa Williams,1992,1995.0,2,1,False
Vanessa Williams,1995,,30,0,False
Vanilla Ice,1991,,34,0,False
Walker Hayes,2022,,3,0,False
Wang Chung,1984,1987.0,2,1,False
Wang Chung,1987,,38,0,False
War,1976,,49,0,False
Warrant,1989,1991.0,1,1,False
Warrant,1991,,34,0,False
Warren G,1994,1997.0,2,1,False
Warren G,1997,,28,0,False
Webbie,2005,2008.0,2,1,False
Webbie,2008,,17,0,False
Wham!,1986,2023.0,36,1,True
White Lion,1989,,36,0,False
Whitesnake,1988,,37,0,False
Whitney Houston,1988,1991.0,2,1,False
Whitney Houston,1991,1993.0,1,1,False
Whitney Houston,1993,1996.0,2,1,False
Whitney Houston,1997,1999.0,1,1,False
Whitney Houston,2000,,25,0,False
Will Smith,1999,2005.0,5,1,False
Will Smith,2005,,20,0,False
Will To Power,1989,1991.0,1,1,False
Will To Power,1991,,34,0,False
Wilson Phillips,1991,,34,0,False
Wilson Pickett,1967,1971.0,3,1,False
Wilson Pickett,1971,,54,0,False
Wings,1973,1975.0,1,1,False
Wings,1976,1978.0,1,1,False
Wings,1979,,46,0,False
Wiz Khalifa,2012,2015.0,2,1,False
Wiz Khalifa,2016,,9,0,False
Wizkid,2022,,3,0,False
Wyclef Jean,1998,2008.0,9,1,False
Wyclef Jean,2008,,17,0,False
X Ambassadors,2016,,9,0,False
Xscape,1994,1998.0,3,1,False
Xscape,1998,,27,0,False
XXXTENTACION,2018,,7,0,False
Yes,1972,1984.0,11,1,False
Yes,1984,,41,0,False
YG,2014,2018.0,3,1,False
YG,2018,,7,0,False
Ying Yang Twins,2005,,20,0,False
YNW Melly,2020,,5,0,False
Yo Gotti,2017,,8,0,False
Young Money,2010,,15,0,False
Young Thug,2020,,5,0,False
Youngbloodz,2004,,21,0,False
Yusuf / Cat Stevens,1972,1974.0,1,1,False
Yusuf / Cat Stevens,1974,,51,0,False
Zac Brown Band,2009,2011.0,1,1,False
Zac Brown Band,2011,,14,0,False
Zach Bryan,2024,,1,0,False
ZAYN,2017,,8,0,False
Zedd,2014,2017.0,2,1,False
Zedd,2018,,7,0,False
Zhané,1994,,31,0,False
ZZ Top,1984,1986.0,1,1,False
ZZ Top,1986,,39,0,False
