tempo,sobrevida,erro_padrao,em_risco,eventos
1,0.7869305108145421,0.008784134182086636,2173,463
2,0.662702904953018,0.01017743956150778,1685,266
3,0.5992727697646577,0.010576028024692256,1400,134
4,0.5689967597444705,0.01070750829139799,1247,63
5,0.5450647071886945,0.01078916715333571,1165,49
6,0.5281711793451068,0.010836787295452921,1097,34
7,0.5145507191327688,0.010869728409874699,1047,27
8,0.5022261510098283,0.010896614933753608,1002,24
9,0.49702712253146564,0.010907137243615642,966,10
10,0.4880191682851598,0.010926076916773065,938,17
11,0.48319790317586625,0.01093568798877346,911,9
12,0.4793846164540725,0.010943952305438385,887,7
13,0.47607851565094095,0.010951389905879426,870,6
14,0.47383021097254213,0.010957216230326276,847,4
15,0.473259331200286,0.010958876321757656,830,1
16,0.4726800664130152,0.010960761475125909,817,1
17,0.4714968872730577,0.010965208887767698,799,2
18,0.47088928819152026,0.010967899544772881,776,1
23,0.4695553242023091,0.010977314709301375,706,2
25,0.4681640491676356,0.010988783782444125,675,2
36,0.46720469660786584,0.0110080632527605,488,1
55,0.4648209991761931,0.011207012530005191,196,1
59,0.4612996279703128,0.011662223916257323,132,1
