DECADA,GENERO,n_faixas
1950,Pop,169
1950,Novelty/Outro,103
1950,Rock,64
1950,Jazz,60
1950,Country,27
1950,Blues,24
1950,R&B/Soul,16
1950,Folk,7
1950,Gospel/Christian,2
1950,Latin,2
1960,Rock,283
1960,R&B/Soul,245
1960,Pop,206
1960,Novelty/Outro,102
1960,Country,55
1960,Folk,48
1960,Blues,35
1960,Jazz,25
1960,Latin,5
1960,Punk,3
1960,Disco,1
1960,Eletronica/Dance,1
1960,Gospel/Christian,1
1960,Reggae/Ska,1
1970,Rock,348
1970,R&B/Soul,266
1970,Pop,158
1970,Country,73
1970,Folk,49
1970,Novelty/Outro,36
1970,Disco,31
1970,Blues,17
1970,Jazz,16
1970,Latin,4
1970,Eletronica/Dance,3
1970,Alternative/Indie,1
1970,Gospel/Christian,1
1970,Punk,1
1980,Rock,368
1980,Pop,206
1980,R&B/Soul,190
1980,Alternative/Indie,76
1980,Country,39
1980,Novelty/Outro,30
1980,Latin,17
1980,Disco,14
1980,Blues,13
1980,Jazz,13
1980,Metal,9
1980,Eletronica/Dance,8
1980,Folk,7
1980,Hip-Hop/Rap,6
1980,Punk,3
1980,Reggae/Ska,3
1990,R&B/Soul,342
1990,Pop,163
1990,Rock,154
1990,Hip-Hop/Rap,148
1990,Alternative/Indie,57
1990,Novelty/Outro,44
1990,Eletronica/Dance,26
1990,Country,20
1990,Reggae/Ska,14
1990,Latin,13
1990,Gospel/Christian,8
1990,Metal,8
1990,Folk,3
1990,Punk,3
1990,Blues,2
2000,R&B/Soul,271
2000,Hip-Hop/Rap,264
2000,Pop,178
2000,Alternative/Indie,84
2000,Country,66
2000,Rock,58
2000,Novelty/Outro,20
2000,Punk,20
2000,Latin,19
2000,Reggae/Ska,13
2000,Eletronica/Dance,7
2000,Metal,4
2000,Gospel/Christian,1
2010,Pop,328
2010,Hip-Hop/Rap,269
2010,R&B/Soul,114
2010,Country,98
2010,Eletronica/Dance,65
2010,Rock,42
2010,Alternative/Indie,35
2010,Novelty/Outro,18
2010,Folk,8
2010,Reggae/Ska,8
2010,Latin,7
2010,Punk,6
2010,Blues,1
2010,Gospel/Christian,1
2020,Hip-Hop/Rap,160
2020,Pop,150
2020,Country,137
2020,R&B/Soul,60
2020,Latin,26
2020,Novelty/Outro,20
2020,Alternative/Indie,14
2020,Rock,11
2020,Folk,9
2020,Eletronica/Dance,4
2020,Reggae/Ska,4
2020,Blues,2
2020,Gospel/Christian,1
2020,Jazz,1
2020,Punk,1
